Entity,FE_CODE,LongName,Frequency,Period,FE_Data_Group,Data_Type,Source,FE_Publication,FE_Publication_Date,Value
United States,GDPSAAR,"Economic Growth (GDP, saar %)",Quarterly,01-03-2010,Historical forecasts,Consensus,FocusEconomics,01-01-2010,18-12-2009,3.041003
United States,GDPSAAR,"Economic Growth (GDP, saar %)",Quarterly,01-06-2010,Historical forecasts,Consensus,FocusEconomics,01-01-2010,18-12-2009,2.701373
United States,GDPSAAR,"Economic Growth (GDP, saar %)",Quarterly,01-09-2010,Historical forecasts,Consensus,FocusEconomics,01-01-2010,18-12-2009,2.758441
United States,GDPSAAR,"Economic Growth (GDP, saar %)",Quarterly,01-12-2010,Historical forecasts,Consensus,FocusEconomics,01-01-2010,18-12-2009,2.994435
United States,GDPSAAR,"Economic Growth (GDP, saar %)",Quarterly,01-03-2010,Historical forecasts,Consensus,FocusEconomics,01-02-2010,02-02-2010,3.012906
United States,GDPSAAR,"Economic Growth (GDP, saar %)",Quarterly,01-06-2010,Historical forecasts,Consensus,FocusEconomics,01-02-2010,02-02-2010,2.727825
United States,GDPSAAR,"Economic Growth (GDP, saar %)",Quarterly,01-09-2010,Historical forecasts,Consensus,FocusEconomics,01-02-2010,02-02-2010,2.6913
United States,GDPSAAR,"Economic Growth (GDP, saar %)",Quarterly,01-12-2010,Historical forecasts,Consensus,FocusEconomics,01-02-2010,02-02-2010,2.879243
United States,GDPSAAR,"Economic Growth (GDP, saar %)",Quarterly,01-03-2011,Historical forecasts,Consensus,FocusEconomics,01-02-2010,02-02-2010,3.021309
United States,GDPSAAR,"Economic Growth (GDP, saar %)",Quarterly,01-06-2011,Historical forecasts,Consensus,FocusEconomics,01-02-2010,02-02-2010,3.074599
United States,GDPSAAR,"Economic Growth (GDP, saar %)",Quarterly,01-12-2010,Historical forecasts,Consensus,FocusEconomics,01-11-2010,02-11-2010,2.051155
United States,GDPSAAR,"Economic Growth (GDP, saar %)",Quarterly,01-03-2011,Historical forecasts,Consensus,FocusEconomics,01-11-2010,02-11-2010,2.317088
United States,GDPSAAR,"Economic Growth (GDP, saar %)",Quarterly,01-06-2011,Historical forecasts,Consensus,FocusEconomics,01-11-2010,02-11-2010,2.68066
United States,GDPSAAR,"Economic Growth (GDP, saar %)",Quarterly,01-09-2011,Historical forecasts,Consensus,FocusEconomics,01-11-2010,02-11-2010,2.911405
United States,GDPSAAR,"Economic Growth (GDP, saar %)",Quarterly,01-12-2011,Historical forecasts,Consensus,FocusEconomics,01-11-2010,02-11-2010,3.145094
United States,GDPSAAR,"Economic Growth (GDP, saar %)",Quarterly,01-12-2010,Historical forecasts,Consensus,FocusEconomics,01-12-2010,30-11-2010,2.104644
United States,GDPSAAR,"Economic Growth (GDP, saar %)",Quarterly,01-03-2011,Historical forecasts,Consensus,FocusEconomics,01-12-2010,30-11-2010,2.329125
United States,GDPSAAR,"Economic Growth (GDP, saar %)",Quarterly,01-06-2011,Historical forecasts,Consensus,FocusEconomics,01-12-2010,30-11-2010,2.661853
United States,GDPSAAR,"Economic Growth (GDP, saar %)",Quarterly,01-09-2011,Historical forecasts,Consensus,FocusEconomics,01-12-2010,30-11-2010,2.954394
United States,GDPSAAR,"Economic Growth (GDP, saar %)",Quarterly,01-12-2011,Historical forecasts,Consensus,FocusEconomics,01-12-2010,30-11-2010,3.145722
United States,GDPSAAR,"Economic Growth (GDP, saar %)",Quarterly,01-06-2011,Historical forecasts,Consensus,FocusEconomics,01-04-2011,05-04-2011,3.43111
United States,GDPSAAR,"Economic Growth (GDP, saar %)",Quarterly,01-09-2011,Historical forecasts,Consensus,FocusEconomics,01-04-2011,05-04-2011,3.499715
United States,GDPSAAR,"Economic Growth (GDP, saar %)",Quarterly,01-12-2011,Historical forecasts,Consensus,FocusEconomics,01-04-2011,05-04-2011,3.47092
United States,GDPSAAR,"Economic Growth (GDP, saar %)",Quarterly,01-03-2012,Historical forecasts,Consensus,FocusEconomics,01-04-2011,05-04-2011,2.864798
United States,GDPSAAR,"Economic Growth (GDP, saar %)",Quarterly,01-06-2012,Historical forecasts,Consensus,FocusEconomics,01-04-2011,05-04-2011,2.959095
United States,GDPSAAR,"Economic Growth (GDP, saar %)",Quarterly,01-09-2012,Historical forecasts,Consensus,FocusEconomics,01-04-2011,05-04-2011,3.140153
United States,GDPSAAR,"Economic Growth (GDP, saar %)",Quarterly,01-12-2012,Historical forecasts,Consensus,FocusEconomics,01-04-2011,05-04-2011,3.224369
United States,GDPSAAR,"Economic Growth (GDP, saar %)",Quarterly,01-09-2011,Historical forecasts,Consensus,FocusEconomics,01-09-2011,06-09-2011,2.417523
United States,GDPSAAR,"Economic Growth (GDP, saar %)",Quarterly,01-12-2011,Historical forecasts,Consensus,FocusEconomics,01-09-2011,06-09-2011,2.69692
United States,GDPSAAR,"Economic Growth (GDP, saar %)",Quarterly,01-03-2012,Historical forecasts,Consensus,FocusEconomics,01-09-2011,06-09-2011,2.208891
United States,GDPSAAR,"Economic Growth (GDP, saar %)",Quarterly,01-06-2012,Historical forecasts,Consensus,FocusEconomics,01-09-2011,06-09-2011,2.651227
United States,GDPSAAR,"Economic Growth (GDP, saar %)",Quarterly,01-09-2012,Historical forecasts,Consensus,FocusEconomics,01-09-2011,06-09-2011,2.866943
United States,GDPSAAR,"Economic Growth (GDP, saar %)",Quarterly,01-12-2012,Historical forecasts,Consensus,FocusEconomics,01-09-2011,06-09-2011,3.069828
United States,GDPSAAR,"Economic Growth (GDP, saar %)",Quarterly,01-12-2011,Historical forecasts,Consensus,FocusEconomics,01-10-2011,04-10-2011,2.149477
United States,GDPSAAR,"Economic Growth (GDP, saar %)",Quarterly,01-03-2012,Historical forecasts,Consensus,FocusEconomics,01-10-2011,04-10-2011,2.085936
United States,GDPSAAR,"Economic Growth (GDP, saar %)",Quarterly,01-06-2012,Historical forecasts,Consensus,FocusEconomics,01-10-2011,04-10-2011,2.354496
United States,GDPSAAR,"Economic Growth (GDP, saar %)",Quarterly,01-09-2012,Historical forecasts,Consensus,FocusEconomics,01-10-2011,04-10-2011,2.674757
United States,GDPSAAR,"Economic Growth (GDP, saar %)",Quarterly,01-03-2010,Historical forecasts,Consensus,FocusEconomics,01-03-2010,02-03-2010,3.049781
United States,GDPSAAR,"Economic Growth (GDP, saar %)",Quarterly,01-06-2010,Historical forecasts,Consensus,FocusEconomics,01-03-2010,02-03-2010,2.877768
United States,GDPSAAR,"Economic Growth (GDP, saar %)",Quarterly,01-09-2010,Historical forecasts,Consensus,FocusEconomics,01-03-2010,02-03-2010,2.707597
United States,GDPSAAR,"Economic Growth (GDP, saar %)",Quarterly,01-12-2010,Historical forecasts,Consensus,FocusEconomics,01-03-2010,02-03-2010,2.952225
United States,GDPSAAR,"Economic Growth (GDP, saar %)",Quarterly,01-03-2011,Historical forecasts,Consensus,FocusEconomics,01-03-2010,02-03-2010,2.94399
United States,GDPSAAR,"Economic Growth (GDP, saar %)",Quarterly,01-06-2011,Historical forecasts,Consensus,FocusEconomics,01-03-2010,02-03-2010,3.039366
United States,GDPSAAR,"Economic Growth (GDP, saar %)",Quarterly,01-06-2010,Historical forecasts,Consensus,FocusEconomics,01-04-2010,30-03-2010,2.957291
United States,GDPSAAR,"Economic Growth (GDP, saar %)",Quarterly,01-09-2010,Historical forecasts,Consensus,FocusEconomics,01-04-2010,30-03-2010,2.810638
United States,GDPSAAR,"Economic Growth (GDP, saar %)",Quarterly,01-12-2010,Historical forecasts,Consensus,FocusEconomics,01-04-2010,30-03-2010,3.033988
United States,GDPSAAR,"Economic Growth (GDP, saar %)",Quarterly,01-03-2011,Historical forecasts,Consensus,FocusEconomics,01-04-2010,30-03-2010,2.986519
United States,GDPSAAR,"Economic Growth (GDP, saar %)",Quarterly,01-06-2011,Historical forecasts,Consensus,FocusEconomics,01-04-2010,30-03-2010,3.073282
United States,GDPSAAR,"Economic Growth (GDP, saar %)",Quarterly,01-12-2010,Historical forecasts,Consensus,FocusEconomics,01-10-2010,05-10-2010,2.217874
United States,GDPSAAR,"Economic Growth (GDP, saar %)",Quarterly,01-03-2011,Historical forecasts,Consensus,FocusEconomics,01-10-2010,05-10-2010,2.369828
United States,GDPSAAR,"Economic Growth (GDP, saar %)",Quarterly,01-06-2011,Historical forecasts,Consensus,FocusEconomics,01-10-2010,05-10-2010,2.722718
United States,GDPSAAR,"Economic Growth (GDP, saar %)",Quarterly,01-09-2011,Historical forecasts,Consensus,FocusEconomics,01-10-2010,05-10-2010,2.939993
United States,GDPSAAR,"Economic Growth (GDP, saar %)",Quarterly,01-12-2011,Historical forecasts,Consensus,FocusEconomics,01-10-2010,05-10-2010,3.131577
United States,GDPSAAR,"Economic Growth (GDP, saar %)",Quarterly,01-03-2011,Historical forecasts,Consensus,FocusEconomics,01-03-2011,01-03-2011,3.371246
United States,GDPSAAR,"Economic Growth (GDP, saar %)",Quarterly,01-06-2011,Historical forecasts,Consensus,FocusEconomics,01-03-2011,01-03-2011,3.430642
United States,GDPSAAR,"Economic Growth (GDP, saar %)",Quarterly,01-09-2011,Historical forecasts,Consensus,FocusEconomics,01-03-2011,01-03-2011,3.421591
United States,GDPSAAR,"Economic Growth (GDP, saar %)",Quarterly,01-12-2011,Historical forecasts,Consensus,FocusEconomics,01-03-2011,01-03-2011,3.433082
United States,GDPSAAR,"Economic Growth (GDP, saar %)",Quarterly,01-09-2011,Historical forecasts,Consensus,FocusEconomics,01-08-2011,02-08-2011,3.179048
United States,GDPSAAR,"Economic Growth (GDP, saar %)",Quarterly,01-12-2011,Historical forecasts,Consensus,FocusEconomics,01-08-2011,02-08-2011,3.24534
United States,GDPSAAR,"Economic Growth (GDP, saar %)",Quarterly,01-03-2012,Historical forecasts,Consensus,FocusEconomics,01-08-2011,02-08-2011,2.539381
United States,GDPSAAR,"Economic Growth (GDP, saar %)",Quarterly,01-06-2012,Historical forecasts,Consensus,FocusEconomics,01-08-2011,02-08-2011,3.021683
United States,GDPSAAR,"Economic Growth (GDP, saar %)",Quarterly,01-09-2012,Historical forecasts,Consensus,FocusEconomics,01-08-2011,02-08-2011,3.217374
United States,GDPSAAR,"Economic Growth (GDP, saar %)",Quarterly,01-12-2012,Historical forecasts,Consensus,FocusEconomics,01-08-2011,02-08-2011,3.31666
United States,GDPSAAR,"Economic Growth (GDP, saar %)",Quarterly,01-12-2011,Historical forecasts,Consensus,FocusEconomics,01-11-2011,01-11-2011,1.740438
United States,GDPSAAR,"Economic Growth (GDP, saar %)",Quarterly,01-03-2012,Historical forecasts,Consensus,FocusEconomics,01-11-2011,01-11-2011,1.769689
United States,GDPSAAR,"Economic Growth (GDP, saar %)",Quarterly,01-06-2012,Historical forecasts,Consensus,FocusEconomics,01-11-2011,01-11-2011,2.117001
United States,GDPSAAR,"Economic Growth (GDP, saar %)",Quarterly,01-09-2012,Historical forecasts,Consensus,FocusEconomics,01-11-2011,01-11-2011,2.509875
United States,GDPSAAR,"Economic Growth (GDP, saar %)",Quarterly,01-12-2012,Historical forecasts,Consensus,FocusEconomics,01-11-2011,01-11-2011,2.699056
United States,GDPSAAR,"Economic Growth (GDP, saar %)",Quarterly,01-12-2011,Historical forecasts,Consensus,FocusEconomics,01-12-2011,29-11-2011,2.032883
United States,GDPSAAR,"Economic Growth (GDP, saar %)",Quarterly,01-03-2012,Historical forecasts,Consensus,FocusEconomics,01-12-2011,29-11-2011,1.818267
United States,GDPSAAR,"Economic Growth (GDP, saar %)",Quarterly,01-06-2012,Historical forecasts,Consensus,FocusEconomics,01-12-2011,29-11-2011,2.152667
United States,GDPSAAR,"Economic Growth (GDP, saar %)",Quarterly,01-09-2012,Historical forecasts,Consensus,FocusEconomics,01-12-2011,29-11-2011,2.450298
United States,GDPSAAR,"Economic Growth (GDP, saar %)",Quarterly,01-12-2012,Historical forecasts,Consensus,FocusEconomics,01-12-2011,29-11-2011,2.613797
United States,GDPSAAR,"Economic Growth (GDP, saar %)",Quarterly,01-06-2012,Historical forecasts,Consensus,FocusEconomics,01-05-2012,30-04-2012,2.15255
United States,GDPSAAR,"Economic Growth (GDP, saar %)",Quarterly,01-06-2010,Historical forecasts,Consensus,FocusEconomics,01-06-2010,01-06-2010,3.469717
United States,GDPSAAR,"Economic Growth (GDP, saar %)",Quarterly,01-09-2010,Historical forecasts,Consensus,FocusEconomics,01-06-2010,01-06-2010,2.937387
United States,GDPSAAR,"Economic Growth (GDP, saar %)",Quarterly,01-12-2010,Historical forecasts,Consensus,FocusEconomics,01-06-2010,01-06-2010,2.942688
United States,GDPSAAR,"Economic Growth (GDP, saar %)",Quarterly,01-03-2011,Historical forecasts,Consensus,FocusEconomics,01-06-2010,01-06-2010,2.883123
United States,GDPSAAR,"Economic Growth (GDP, saar %)",Quarterly,01-06-2011,Historical forecasts,Consensus,FocusEconomics,01-06-2010,01-06-2010,2.947444
United States,GDPSAAR,"Economic Growth (GDP, saar %)",Quarterly,01-09-2010,Historical forecasts,Consensus,FocusEconomics,01-07-2010,06-07-2010,2.773796
United States,GDPSAAR,"Economic Growth (GDP, saar %)",Quarterly,01-12-2010,Historical forecasts,Consensus,FocusEconomics,01-07-2010,06-07-2010,2.836197
United States,GDPSAAR,"Economic Growth (GDP, saar %)",Quarterly,01-03-2011,Historical forecasts,Consensus,FocusEconomics,01-07-2010,06-07-2010,2.908244
United States,GDPSAAR,"Economic Growth (GDP, saar %)",Quarterly,01-06-2011,Historical forecasts,Consensus,FocusEconomics,01-07-2010,06-07-2010,3.028969
United States,GDPSAAR,"Economic Growth (GDP, saar %)",Quarterly,01-09-2010,Historical forecasts,Consensus,FocusEconomics,01-08-2010,03-08-2010,2.557811
United States,GDPSAAR,"Economic Growth (GDP, saar %)",Quarterly,01-12-2010,Historical forecasts,Consensus,FocusEconomics,01-08-2010,03-08-2010,2.762874
United States,GDPSAAR,"Economic Growth (GDP, saar %)",Quarterly,01-03-2011,Historical forecasts,Consensus,FocusEconomics,01-08-2010,03-08-2010,2.781682
United States,GDPSAAR,"Economic Growth (GDP, saar %)",Quarterly,01-06-2011,Historical forecasts,Consensus,FocusEconomics,01-08-2010,03-08-2010,3.023911
United States,GDPSAAR,"Economic Growth (GDP, saar %)",Quarterly,01-03-2011,Historical forecasts,Consensus,FocusEconomics,01-02-2011,01-02-2011,3.324191
United States,GDPSAAR,"Economic Growth (GDP, saar %)",Quarterly,01-06-2011,Historical forecasts,Consensus,FocusEconomics,01-02-2011,01-02-2011,3.35001
United States,GDPSAAR,"Economic Growth (GDP, saar %)",Quarterly,01-09-2011,Historical forecasts,Consensus,FocusEconomics,01-02-2011,01-02-2011,3.364083
United States,GDPSAAR,"Economic Growth (GDP, saar %)",Quarterly,01-12-2011,Historical forecasts,Consensus,FocusEconomics,01-02-2011,01-02-2011,3.346483
United States,GDPSAAR,"Economic Growth (GDP, saar %)",Quarterly,01-09-2011,Historical forecasts,Consensus,FocusEconomics,01-07-2011,05-07-2011,3.308482
United States,GDPSAAR,"Economic Growth (GDP, saar %)",Quarterly,01-12-2011,Historical forecasts,Consensus,FocusEconomics,01-07-2011,05-07-2011,3.336365
United States,GDPSAAR,"Economic Growth (GDP, saar %)",Quarterly,01-03-2012,Historical forecasts,Consensus,FocusEconomics,01-07-2011,05-07-2011,2.763715
United States,GDPSAAR,"Economic Growth (GDP, saar %)",Quarterly,01-06-2012,Historical forecasts,Consensus,FocusEconomics,01-07-2011,05-07-2011,3.037717
United States,GDPSAAR,"Economic Growth (GDP, saar %)",Quarterly,01-09-2012,Historical forecasts,Consensus,FocusEconomics,01-07-2011,05-07-2011,3.190032
United States,GDPSAAR,"Economic Growth (GDP, saar %)",Quarterly,01-12-2012,Historical forecasts,Consensus,FocusEconomics,01-07-2011,05-07-2011,3.272314
United States,GDPSAAR,"Economic Growth (GDP, saar %)",Quarterly,01-03-2012,Historical forecasts,Consensus,FocusEconomics,01-02-2012,31-01-2012,1.859266
United States,GDPSAAR,"Economic Growth (GDP, saar %)",Quarterly,01-06-2012,Historical forecasts,Consensus,FocusEconomics,01-02-2012,31-01-2012,2.059431
United States,GDPSAAR,"Economic Growth (GDP, saar %)",Quarterly,01-09-2012,Historical forecasts,Consensus,FocusEconomics,01-02-2012,31-01-2012,2.369688
United States,GDPSAAR,"Economic Growth (GDP, saar %)",Quarterly,01-12-2012,Historical forecasts,Consensus,FocusEconomics,01-02-2012,31-01-2012,2.482014
United States,GDPSAAR,"Economic Growth (GDP, saar %)",Quarterly,01-03-2013,Historical forecasts,Consensus,FocusEconomics,01-02-2012,31-01-2012,2.108595
United States,GDPSAAR,"Economic Growth (GDP, saar %)",Quarterly,01-06-2013,Historical forecasts,Consensus,FocusEconomics,01-02-2012,31-01-2012,2.286808
United States,GDPSAAR,"Economic Growth (GDP, saar %)",Quarterly,01-09-2013,Historical forecasts,Consensus,FocusEconomics,01-02-2012,31-01-2012,2.744182
United States,GDPSAAR,"Economic Growth (GDP, saar %)",Quarterly,01-12-2013,Historical forecasts,Consensus,FocusEconomics,01-02-2012,31-01-2012,2.974235
United States,GDPSAAR,"Economic Growth (GDP, saar %)",Quarterly,01-06-2012,Historical forecasts,Consensus,FocusEconomics,01-06-2012,05-06-2012,2.200016
United States,GDPSAAR,"Economic Growth (GDP, saar %)",Quarterly,01-09-2012,Historical forecasts,Consensus,FocusEconomics,01-06-2012,05-06-2012,2.376218
United States,GDPSAAR,"Economic Growth (GDP, saar %)",Quarterly,01-12-2012,Historical forecasts,Consensus,FocusEconomics,01-06-2012,05-06-2012,2.521572
United States,GDPSAAR,"Economic Growth (GDP, saar %)",Quarterly,01-03-2013,Historical forecasts,Consensus,FocusEconomics,01-06-2012,05-06-2012,1.863585
United States,GDPSAAR,"Economic Growth (GDP, saar %)",Quarterly,01-06-2013,Historical forecasts,Consensus,FocusEconomics,01-06-2012,05-06-2012,2.347635
United States,GDPSAAR,"Economic Growth (GDP, saar %)",Quarterly,01-09-2013,Historical forecasts,Consensus,FocusEconomics,01-06-2012,05-06-2012,2.656996
United States,GDPSAAR,"Economic Growth (GDP, saar %)",Quarterly,01-06-2010,Historical forecasts,Consensus,FocusEconomics,01-05-2010,04-05-2010,3.211562
United States,GDPSAAR,"Economic Growth (GDP, saar %)",Quarterly,01-09-2010,Historical forecasts,Consensus,FocusEconomics,01-05-2010,04-05-2010,2.809574
United States,GDPSAAR,"Economic Growth (GDP, saar %)",Quarterly,01-12-2010,Historical forecasts,Consensus,FocusEconomics,01-05-2010,04-05-2010,2.895589
United States,GDPSAAR,"Economic Growth (GDP, saar %)",Quarterly,01-03-2011,Historical forecasts,Consensus,FocusEconomics,01-05-2010,04-05-2010,2.857069
United States,GDPSAAR,"Economic Growth (GDP, saar %)",Quarterly,01-06-2011,Historical forecasts,Consensus,FocusEconomics,01-05-2010,04-05-2010,2.999957
United States,GDPSAAR,"Economic Growth (GDP, saar %)",Quarterly,01-09-2010,Historical forecasts,Consensus,FocusEconomics,01-09-2010,07-09-2010,2.058181
United States,GDPSAAR,"Economic Growth (GDP, saar %)",Quarterly,01-12-2010,Historical forecasts,Consensus,FocusEconomics,01-09-2010,07-09-2010,2.471305
United States,GDPSAAR,"Economic Growth (GDP, saar %)",Quarterly,01-03-2011,Historical forecasts,Consensus,FocusEconomics,01-09-2010,07-09-2010,2.558728
United States,GDPSAAR,"Economic Growth (GDP, saar %)",Quarterly,01-06-2011,Historical forecasts,Consensus,FocusEconomics,01-09-2010,07-09-2010,2.852434
United States,GDPSAAR,"Economic Growth (GDP, saar %)",Quarterly,01-03-2011,Historical forecasts,Consensus,FocusEconomics,01-01-2011,23-12-2010,2.933809
United States,GDPSAAR,"Economic Growth (GDP, saar %)",Quarterly,01-06-2011,Historical forecasts,Consensus,FocusEconomics,01-01-2011,23-12-2010,3.042944
United States,GDPSAAR,"Economic Growth (GDP, saar %)",Quarterly,01-09-2011,Historical forecasts,Consensus,FocusEconomics,01-01-2011,23-12-2010,3.217425
United States,GDPSAAR,"Economic Growth (GDP, saar %)",Quarterly,01-12-2011,Historical forecasts,Consensus,FocusEconomics,01-01-2011,23-12-2010,3.175074
United States,GDPSAAR,"Economic Growth (GDP, saar %)",Quarterly,01-06-2011,Historical forecasts,Consensus,FocusEconomics,01-05-2011,03-05-2011,3.354994
United States,GDPSAAR,"Economic Growth (GDP, saar %)",Quarterly,01-09-2011,Historical forecasts,Consensus,FocusEconomics,01-05-2011,03-05-2011,3.416689
United States,GDPSAAR,"Economic Growth (GDP, saar %)",Quarterly,01-12-2011,Historical forecasts,Consensus,FocusEconomics,01-05-2011,03-05-2011,3.478873
United States,GDPSAAR,"Economic Growth (GDP, saar %)",Quarterly,01-03-2012,Historical forecasts,Consensus,FocusEconomics,01-05-2011,03-05-2011,2.913869
United States,GDPSAAR,"Economic Growth (GDP, saar %)",Quarterly,01-06-2012,Historical forecasts,Consensus,FocusEconomics,01-05-2011,03-05-2011,3.04314
United States,GDPSAAR,"Economic Growth (GDP, saar %)",Quarterly,01-09-2012,Historical forecasts,Consensus,FocusEconomics,01-05-2011,03-05-2011,3.190435
United States,GDPSAAR,"Economic Growth (GDP, saar %)",Quarterly,01-12-2012,Historical forecasts,Consensus,FocusEconomics,01-05-2011,03-05-2011,3.263846
United States,GDPSAAR,"Economic Growth (GDP, saar %)",Quarterly,01-06-2011,Historical forecasts,Consensus,FocusEconomics,01-06-2011,07-06-2011,2.981436
United States,GDPSAAR,"Economic Growth (GDP, saar %)",Quarterly,01-09-2011,Historical forecasts,Consensus,FocusEconomics,01-06-2011,07-06-2011,3.45314
United States,GDPSAAR,"Economic Growth (GDP, saar %)",Quarterly,01-12-2011,Historical forecasts,Consensus,FocusEconomics,01-06-2011,07-06-2011,3.397781
United States,GDPSAAR,"Economic Growth (GDP, saar %)",Quarterly,01-03-2012,Historical forecasts,Consensus,FocusEconomics,01-06-2011,07-06-2011,2.901677
United States,GDPSAAR,"Economic Growth (GDP, saar %)",Quarterly,01-06-2012,Historical forecasts,Consensus,FocusEconomics,01-06-2011,07-06-2011,3.041514
United States,GDPSAAR,"Economic Growth (GDP, saar %)",Quarterly,01-09-2012,Historical forecasts,Consensus,FocusEconomics,01-06-2011,07-06-2011,3.161075
United States,GDPSAAR,"Economic Growth (GDP, saar %)",Quarterly,01-12-2012,Historical forecasts,Consensus,FocusEconomics,01-06-2011,07-06-2011,3.255298
United States,GDPSAAR,"Economic Growth (GDP, saar %)",Quarterly,01-03-2012,Historical forecasts,Consensus,FocusEconomics,01-01-2012,23-12-2011,1.755047
United States,GDPSAAR,"Economic Growth (GDP, saar %)",Quarterly,01-06-2012,Historical forecasts,Consensus,FocusEconomics,01-01-2012,23-12-2011,1.977126
United States,GDPSAAR,"Economic Growth (GDP, saar %)",Quarterly,01-09-2012,Historical forecasts,Consensus,FocusEconomics,01-01-2012,23-12-2011,2.356104
United States,GDPSAAR,"Economic Growth (GDP, saar %)",Quarterly,01-12-2012,Historical forecasts,Consensus,FocusEconomics,01-01-2012,23-12-2011,2.538278
United States,GDPSAAR,"Economic Growth (GDP, saar %)",Quarterly,01-09-2012,Historical forecasts,Consensus,FocusEconomics,01-07-2012,03-07-2012,2.24917
United States,GDPSAAR,"Economic Growth (GDP, saar %)",Quarterly,01-12-2012,Historical forecasts,Consensus,FocusEconomics,01-07-2012,03-07-2012,2.367972
United States,GDPSAAR,"Economic Growth (GDP, saar %)",Quarterly,01-03-2013,Historical forecasts,Consensus,FocusEconomics,01-07-2012,03-07-2012,1.804191
United States,GDPSAAR,"Economic Growth (GDP, saar %)",Quarterly,01-06-2013,Historical forecasts,Consensus,FocusEconomics,01-07-2012,03-07-2012,2.215291
United States,GDPSAAR,"Economic Growth (GDP, saar %)",Quarterly,01-09-2013,Historical forecasts,Consensus,FocusEconomics,01-07-2012,03-07-2012,2.64222
United States,GDPSAAR,"Economic Growth (GDP, saar %)",Quarterly,01-12-2013,Historical forecasts,Consensus,FocusEconomics,01-07-2012,03-07-2012,2.827395
United States,GDPSAAR,"Economic Growth (GDP, saar %)",Quarterly,01-12-2012,Historical forecasts,Consensus,FocusEconomics,01-10-2011,04-10-2011,2.888403
United States,GDPSAAR,"Economic Growth (GDP, saar %)",Quarterly,01-03-2012,Historical forecasts,Consensus,FocusEconomics,01-03-2012,06-03-2012,1.974541
United States,GDPSAAR,"Economic Growth (GDP, saar %)",Quarterly,01-06-2012,Historical forecasts,Consensus,FocusEconomics,01-03-2012,06-03-2012,2.001269
United States,GDPSAAR,"Economic Growth (GDP, saar %)",Quarterly,01-09-2012,Historical forecasts,Consensus,FocusEconomics,01-03-2012,06-03-2012,2.328372
United States,GDPSAAR,"Economic Growth (GDP, saar %)",Quarterly,01-12-2012,Historical forecasts,Consensus,FocusEconomics,01-03-2012,06-03-2012,2.453981
United States,GDPSAAR,"Economic Growth (GDP, saar %)",Quarterly,01-03-2013,Historical forecasts,Consensus,FocusEconomics,01-03-2012,06-03-2012,2.119546
United States,GDPSAAR,"Economic Growth (GDP, saar %)",Quarterly,01-06-2013,Historical forecasts,Consensus,FocusEconomics,01-03-2012,06-03-2012,2.341735
United States,GDPSAAR,"Economic Growth (GDP, saar %)",Quarterly,01-09-2013,Historical forecasts,Consensus,FocusEconomics,01-03-2012,06-03-2012,2.678946
United States,GDPSAAR,"Economic Growth (GDP, saar %)",Quarterly,01-12-2013,Historical forecasts,Consensus,FocusEconomics,01-03-2012,06-03-2012,2.867461
United States,GDPSAAR,"Economic Growth (GDP, saar %)",Quarterly,01-06-2012,Historical forecasts,Consensus,FocusEconomics,01-04-2012,03-04-2012,2.202109
United States,GDPSAAR,"Economic Growth (GDP, saar %)",Quarterly,01-09-2012,Historical forecasts,Consensus,FocusEconomics,01-04-2012,03-04-2012,2.381483
United States,GDPSAAR,"Economic Growth (GDP, saar %)",Quarterly,01-12-2012,Historical forecasts,Consensus,FocusEconomics,01-04-2012,03-04-2012,2.450665
United States,GDPSAAR,"Economic Growth (GDP, saar %)",Quarterly,01-03-2013,Historical forecasts,Consensus,FocusEconomics,01-04-2012,03-04-2012,2.150874
United States,GDPSAAR,"Economic Growth (GDP, saar %)",Quarterly,01-06-2013,Historical forecasts,Consensus,FocusEconomics,01-04-2012,03-04-2012,2.338306
United States,GDPSAAR,"Economic Growth (GDP, saar %)",Quarterly,01-09-2013,Historical forecasts,Consensus,FocusEconomics,01-04-2012,03-04-2012,2.676024
United States,GDPSAAR,"Economic Growth (GDP, saar %)",Quarterly,01-12-2013,Historical forecasts,Consensus,FocusEconomics,01-04-2012,03-04-2012,2.895912
United States,GDPSAAR,"Economic Growth (GDP, saar %)",Quarterly,01-09-2012,Historical forecasts,Consensus,FocusEconomics,01-09-2012,04-09-2012,2.004798
United States,GDPSAAR,"Economic Growth (GDP, saar %)",Quarterly,01-12-2012,Historical forecasts,Consensus,FocusEconomics,01-09-2012,04-09-2012,2.115484
United States,GDPSAAR,"Economic Growth (GDP, saar %)",Quarterly,01-03-2013,Historical forecasts,Consensus,FocusEconomics,01-09-2012,04-09-2012,1.636218
United States,GDPSAAR,"Economic Growth (GDP, saar %)",Quarterly,01-06-2013,Historical forecasts,Consensus,FocusEconomics,01-09-2012,04-09-2012,2.177561
United States,GDPSAAR,"Economic Growth (GDP, saar %)",Quarterly,01-09-2013,Historical forecasts,Consensus,FocusEconomics,01-09-2012,04-09-2012,2.598828
United States,GDPSAAR,"Economic Growth (GDP, saar %)",Quarterly,01-12-2013,Historical forecasts,Consensus,FocusEconomics,01-09-2012,04-09-2012,2.758858
United States,GDPSAAR,"Economic Growth (GDP, saar %)",Quarterly,01-03-2013,Historical forecasts,Consensus,FocusEconomics,01-01-2013,21-12-2012,1.598768
United States,GDPSAAR,"Economic Growth (GDP, saar %)",Quarterly,01-06-2013,Historical forecasts,Consensus,FocusEconomics,01-01-2013,21-12-2012,2.169026
United States,GDPSAAR,"Economic Growth (GDP, saar %)",Quarterly,01-09-2013,Historical forecasts,Consensus,FocusEconomics,01-01-2013,21-12-2012,2.601456
United States,GDPSAAR,"Economic Growth (GDP, saar %)",Quarterly,01-12-2013,Historical forecasts,Consensus,FocusEconomics,01-01-2013,21-12-2012,2.780933
United States,GDPSAAR,"Economic Growth (GDP, saar %)",Quarterly,01-03-2013,Historical forecasts,Consensus,FocusEconomics,01-02-2013,05-02-2013,1.725998
United States,GDPSAAR,"Economic Growth (GDP, saar %)",Quarterly,01-06-2013,Historical forecasts,Consensus,FocusEconomics,01-02-2013,05-02-2013,2.075441
United States,GDPSAAR,"Economic Growth (GDP, saar %)",Quarterly,01-09-2013,Historical forecasts,Consensus,FocusEconomics,01-02-2013,05-02-2013,2.61861
United States,GDPSAAR,"Economic Growth (GDP, saar %)",Quarterly,01-12-2013,Historical forecasts,Consensus,FocusEconomics,01-02-2013,05-02-2013,2.696856
United States,GDPSAAR,"Economic Growth (GDP, saar %)",Quarterly,01-09-2013,Historical forecasts,Consensus,FocusEconomics,01-07-2013,02-07-2013,2.470785
United States,GDPSAAR,"Economic Growth (GDP, saar %)",Quarterly,01-12-2013,Historical forecasts,Consensus,FocusEconomics,01-07-2013,02-07-2013,2.808417
United States,GDPSAAR,"Economic Growth (GDP, saar %)",Quarterly,01-03-2014,Historical forecasts,Consensus,FocusEconomics,01-07-2013,02-07-2013,2.795442
United States,GDPSAAR,"Economic Growth (GDP, saar %)",Quarterly,01-06-2014,Historical forecasts,Consensus,FocusEconomics,01-07-2013,02-07-2013,2.902478
United States,GDPSAAR,"Economic Growth (GDP, saar %)",Quarterly,01-09-2014,Historical forecasts,Consensus,FocusEconomics,01-07-2013,02-07-2013,2.958988
United States,GDPSAAR,"Economic Growth (GDP, saar %)",Quarterly,01-12-2014,Historical forecasts,Consensus,FocusEconomics,01-07-2013,02-07-2013,3.035445
United States,GDPSAAR,"Economic Growth (GDP, saar %)",Quarterly,01-09-2013,Historical forecasts,Consensus,FocusEconomics,01-08-2013,30-07-2013,2.435891
United States,GDPSAAR,"Economic Growth (GDP, saar %)",Quarterly,01-12-2013,Historical forecasts,Consensus,FocusEconomics,01-06-2012,05-06-2012,2.828748
United States,GDPSAAR,"Economic Growth (GDP, saar %)",Quarterly,01-12-2012,Historical forecasts,Consensus,FocusEconomics,01-10-2012,02-10-2012,1.928859
United States,GDPSAAR,"Economic Growth (GDP, saar %)",Quarterly,01-03-2013,Historical forecasts,Consensus,FocusEconomics,01-10-2012,02-10-2012,1.700397
United States,GDPSAAR,"Economic Growth (GDP, saar %)",Quarterly,01-06-2013,Historical forecasts,Consensus,FocusEconomics,01-10-2012,02-10-2012,2.251152
United States,GDPSAAR,"Economic Growth (GDP, saar %)",Quarterly,01-09-2013,Historical forecasts,Consensus,FocusEconomics,01-10-2012,02-10-2012,2.525027
United States,GDPSAAR,"Economic Growth (GDP, saar %)",Quarterly,01-12-2013,Historical forecasts,Consensus,FocusEconomics,01-10-2012,02-10-2012,2.631474
United States,GDPSAAR,"Economic Growth (GDP, saar %)",Quarterly,01-03-2013,Historical forecasts,Consensus,FocusEconomics,01-03-2013,05-03-2013,2.007235
United States,GDPSAAR,"Economic Growth (GDP, saar %)",Quarterly,01-06-2013,Historical forecasts,Consensus,FocusEconomics,01-03-2013,05-03-2013,2.057018
United States,GDPSAAR,"Economic Growth (GDP, saar %)",Quarterly,01-09-2013,Historical forecasts,Consensus,FocusEconomics,01-03-2013,05-03-2013,2.654646
United States,GDPSAAR,"Economic Growth (GDP, saar %)",Quarterly,01-12-2013,Historical forecasts,Consensus,FocusEconomics,01-03-2013,05-03-2013,2.809592
United States,GDPSAAR,"Economic Growth (GDP, saar %)",Quarterly,01-03-2014,Historical forecasts,Consensus,FocusEconomics,01-03-2013,05-03-2013,2.664598
United States,GDPSAAR,"Economic Growth (GDP, saar %)",Quarterly,01-06-2014,Historical forecasts,Consensus,FocusEconomics,01-03-2013,05-03-2013,2.733642
United States,GDPSAAR,"Economic Growth (GDP, saar %)",Quarterly,01-09-2014,Historical forecasts,Consensus,FocusEconomics,01-03-2013,05-03-2013,2.848091
United States,GDPSAAR,"Economic Growth (GDP, saar %)",Quarterly,01-12-2014,Historical forecasts,Consensus,FocusEconomics,01-03-2013,05-03-2013,2.934252
United States,GDPSAAR,"Economic Growth (GDP, saar %)",Quarterly,01-06-2013,Historical forecasts,Consensus,FocusEconomics,01-06-2013,04-06-2013,1.7489
United States,GDPSAAR,"Economic Growth (GDP, saar %)",Quarterly,01-09-2013,Historical forecasts,Consensus,FocusEconomics,01-06-2013,04-06-2013,2.420368
United States,GDPSAAR,"Economic Growth (GDP, saar %)",Quarterly,01-12-2013,Historical forecasts,Consensus,FocusEconomics,01-06-2013,04-06-2013,2.787267
United States,GDPSAAR,"Economic Growth (GDP, saar %)",Quarterly,01-03-2014,Historical forecasts,Consensus,FocusEconomics,01-06-2013,04-06-2013,2.768571
United States,GDPSAAR,"Economic Growth (GDP, saar %)",Quarterly,01-06-2014,Historical forecasts,Consensus,FocusEconomics,01-06-2013,04-06-2013,2.887299
United States,GDPSAAR,"Economic Growth (GDP, saar %)",Quarterly,01-09-2014,Historical forecasts,Consensus,FocusEconomics,01-06-2013,04-06-2013,2.948892
United States,GDPSAAR,"Economic Growth (GDP, saar %)",Quarterly,01-12-2014,Historical forecasts,Consensus,FocusEconomics,01-06-2013,04-06-2013,3.038656
United States,GDPSAAR,"Economic Growth (GDP, saar %)",Quarterly,01-12-2013,Historical forecasts,Consensus,FocusEconomics,01-10-2013,01-10-2013,2.680013
United States,GDPSAAR,"Economic Growth (GDP, saar %)",Quarterly,01-03-2014,Historical forecasts,Consensus,FocusEconomics,01-10-2013,01-10-2013,2.686183
United States,GDPSAAR,"Economic Growth (GDP, saar %)",Quarterly,01-06-2014,Historical forecasts,Consensus,FocusEconomics,01-10-2013,01-10-2013,2.933989
United States,GDPSAAR,"Economic Growth (GDP, saar %)",Quarterly,01-09-2014,Historical forecasts,Consensus,FocusEconomics,01-10-2013,01-10-2013,3.032777
United States,GDPSAAR,"Economic Growth (GDP, saar %)",Quarterly,01-12-2014,Historical forecasts,Consensus,FocusEconomics,01-10-2013,01-10-2013,2.945202
United States,GDPSAAR,"Economic Growth (GDP, saar %)",Quarterly,01-06-2014,Historical forecasts,Consensus,FocusEconomics,01-04-2014,01-04-2014,3.177251
United States,GDPSAAR,"Economic Growth (GDP, saar %)",Quarterly,01-09-2014,Historical forecasts,Consensus,FocusEconomics,01-04-2014,01-04-2014,3.154018
United States,GDPSAAR,"Economic Growth (GDP, saar %)",Quarterly,01-12-2014,Historical forecasts,Consensus,FocusEconomics,01-04-2014,01-04-2014,3.098271
United States,GDPSAAR,"Economic Growth (GDP, saar %)",Quarterly,01-03-2015,Historical forecasts,Consensus,FocusEconomics,01-04-2014,01-04-2014,2.788566
United States,GDPSAAR,"Economic Growth (GDP, saar %)",Quarterly,01-06-2015,Historical forecasts,Consensus,FocusEconomics,01-04-2014,01-04-2014,3.00945
United States,GDPSAAR,"Economic Growth (GDP, saar %)",Quarterly,01-09-2015,Historical forecasts,Consensus,FocusEconomics,01-04-2014,01-04-2014,2.942324
United States,GDPSAAR,"Economic Growth (GDP, saar %)",Quarterly,01-12-2015,Historical forecasts,Consensus,FocusEconomics,01-04-2014,01-04-2014,2.890464
United States,GDPSAAR,"Economic Growth (GDP, saar %)",Quarterly,01-09-2014,Historical forecasts,Consensus,FocusEconomics,01-07-2014,01-07-2014,3.134968
United States,GDPSAAR,"Economic Growth (GDP, saar %)",Quarterly,01-12-2014,Historical forecasts,Consensus,FocusEconomics,01-07-2014,01-07-2014,2.948866
United States,GDPSAAR,"Economic Growth (GDP, saar %)",Quarterly,01-03-2015,Historical forecasts,Consensus,FocusEconomics,01-07-2014,01-07-2014,3.036778
United States,GDPSAAR,"Economic Growth (GDP, saar %)",Quarterly,01-06-2015,Historical forecasts,Consensus,FocusEconomics,01-07-2014,01-07-2014,2.93196
United States,GDPSAAR,"Economic Growth (GDP, saar %)",Quarterly,01-09-2012,Historical forecasts,Consensus,FocusEconomics,01-05-2012,30-04-2012,2.431565
United States,GDPSAAR,"Economic Growth (GDP, saar %)",Quarterly,01-12-2012,Historical forecasts,Consensus,FocusEconomics,01-05-2012,30-04-2012,2.474313
United States,GDPSAAR,"Economic Growth (GDP, saar %)",Quarterly,01-03-2013,Historical forecasts,Consensus,FocusEconomics,01-05-2012,30-04-2012,1.962005
United States,GDPSAAR,"Economic Growth (GDP, saar %)",Quarterly,01-06-2013,Historical forecasts,Consensus,FocusEconomics,01-05-2012,30-04-2012,2.348064
United States,GDPSAAR,"Economic Growth (GDP, saar %)",Quarterly,01-09-2013,Historical forecasts,Consensus,FocusEconomics,01-05-2012,30-04-2012,2.665908
United States,GDPSAAR,"Economic Growth (GDP, saar %)",Quarterly,01-12-2013,Historical forecasts,Consensus,FocusEconomics,01-05-2012,30-04-2012,2.844102
United States,GDPSAAR,"Economic Growth (GDP, saar %)",Quarterly,01-09-2012,Historical forecasts,Consensus,FocusEconomics,01-08-2012,31-07-2012,2.14634
United States,GDPSAAR,"Economic Growth (GDP, saar %)",Quarterly,01-12-2012,Historical forecasts,Consensus,FocusEconomics,01-08-2012,31-07-2012,2.285509
United States,GDPSAAR,"Economic Growth (GDP, saar %)",Quarterly,01-03-2013,Historical forecasts,Consensus,FocusEconomics,01-08-2012,31-07-2012,1.752861
United States,GDPSAAR,"Economic Growth (GDP, saar %)",Quarterly,01-06-2013,Historical forecasts,Consensus,FocusEconomics,01-08-2012,31-07-2012,2.176602
United States,GDPSAAR,"Economic Growth (GDP, saar %)",Quarterly,01-09-2013,Historical forecasts,Consensus,FocusEconomics,01-08-2012,31-07-2012,2.598043
United States,GDPSAAR,"Economic Growth (GDP, saar %)",Quarterly,01-12-2013,Historical forecasts,Consensus,FocusEconomics,01-08-2012,31-07-2012,2.779222
United States,GDPSAAR,"Economic Growth (GDP, saar %)",Quarterly,01-06-2013,Historical forecasts,Consensus,FocusEconomics,01-04-2013,09-04-2013,1.736832
United States,GDPSAAR,"Economic Growth (GDP, saar %)",Quarterly,01-09-2013,Historical forecasts,Consensus,FocusEconomics,01-04-2013,09-04-2013,2.512568
United States,GDPSAAR,"Economic Growth (GDP, saar %)",Quarterly,01-12-2013,Historical forecasts,Consensus,FocusEconomics,01-04-2013,09-04-2013,2.752755
United States,GDPSAAR,"Economic Growth (GDP, saar %)",Quarterly,01-03-2014,Historical forecasts,Consensus,FocusEconomics,01-04-2013,09-04-2013,2.708114
United States,GDPSAAR,"Economic Growth (GDP, saar %)",Quarterly,01-06-2014,Historical forecasts,Consensus,FocusEconomics,01-04-2013,09-04-2013,2.646743
United States,GDPSAAR,"Economic Growth (GDP, saar %)",Quarterly,01-09-2014,Historical forecasts,Consensus,FocusEconomics,01-04-2013,09-04-2013,2.921527
United States,GDPSAAR,"Economic Growth (GDP, saar %)",Quarterly,01-12-2014,Historical forecasts,Consensus,FocusEconomics,01-04-2013,09-04-2013,2.914994
United States,GDPSAAR,"Economic Growth (GDP, saar %)",Quarterly,01-12-2013,Historical forecasts,Consensus,FocusEconomics,01-12-2013,26-11-2013,2.013446
United States,GDPSAAR,"Economic Growth (GDP, saar %)",Quarterly,01-03-2014,Historical forecasts,Consensus,FocusEconomics,01-12-2013,26-11-2013,2.791118
United States,GDPSAAR,"Economic Growth (GDP, saar %)",Quarterly,01-06-2014,Historical forecasts,Consensus,FocusEconomics,01-12-2013,26-11-2013,2.949038
United States,GDPSAAR,"Economic Growth (GDP, saar %)",Quarterly,01-09-2014,Historical forecasts,Consensus,FocusEconomics,01-12-2013,26-11-2013,3.008435
United States,GDPSAAR,"Economic Growth (GDP, saar %)",Quarterly,01-12-2014,Historical forecasts,Consensus,FocusEconomics,01-12-2013,26-11-2013,2.961019
United States,GDPSAAR,"Economic Growth (GDP, saar %)",Quarterly,01-06-2014,Historical forecasts,Consensus,FocusEconomics,01-05-2014,29-04-2014,3.167507
United States,GDPSAAR,"Economic Growth (GDP, saar %)",Quarterly,01-09-2014,Historical forecasts,Consensus,FocusEconomics,01-05-2014,29-04-2014,3.097113
United States,GDPSAAR,"Economic Growth (GDP, saar %)",Quarterly,01-12-2014,Historical forecasts,Consensus,FocusEconomics,01-05-2014,29-04-2014,4.215013
United States,GDPSAAR,"Economic Growth (GDP, saar %)",Quarterly,01-03-2015,Historical forecasts,Consensus,FocusEconomics,01-05-2014,29-04-2014,2.854344
United States,GDPSAAR,"Economic Growth (GDP, saar %)",Quarterly,01-06-2015,Historical forecasts,Consensus,FocusEconomics,01-05-2014,29-04-2014,2.883651
United States,GDPSAAR,"Economic Growth (GDP, saar %)",Quarterly,01-09-2015,Historical forecasts,Consensus,FocusEconomics,01-05-2014,29-04-2014,2.938282
United States,GDPSAAR,"Economic Growth (GDP, saar %)",Quarterly,01-12-2015,Historical forecasts,Consensus,FocusEconomics,01-05-2014,29-04-2014,2.882766
United States,GDPSAAR,"Economic Growth (GDP, saar %)",Quarterly,01-12-2014,Historical forecasts,Consensus,FocusEconomics,01-10-2014,30-09-2014,2.98468
United States,GDPSAAR,"Economic Growth (GDP, saar %)",Quarterly,01-03-2015,Historical forecasts,Consensus,FocusEconomics,01-10-2014,30-09-2014,2.998513
United States,GDPSAAR,"Economic Growth (GDP, saar %)",Quarterly,01-06-2015,Historical forecasts,Consensus,FocusEconomics,01-10-2014,30-09-2014,2.919323
United States,GDPSAAR,"Economic Growth (GDP, saar %)",Quarterly,01-09-2015,Historical forecasts,Consensus,FocusEconomics,01-10-2014,30-09-2014,2.889296
United States,GDPSAAR,"Economic Growth (GDP, saar %)",Quarterly,01-12-2015,Historical forecasts,Consensus,FocusEconomics,01-10-2014,30-09-2014,2.867256
United States,GDPSAAR,"Economic Growth (GDP, saar %)",Quarterly,01-03-2015,Historical forecasts,Consensus,FocusEconomics,01-02-2015,03-02-2015,2.921358
United States,GDPSAAR,"Economic Growth (GDP, saar %)",Quarterly,01-12-2012,Historical forecasts,Consensus,FocusEconomics,01-11-2012,30-10-2012,1.811337
United States,GDPSAAR,"Economic Growth (GDP, saar %)",Quarterly,01-03-2013,Historical forecasts,Consensus,FocusEconomics,01-11-2012,30-10-2012,1.562756
United States,GDPSAAR,"Economic Growth (GDP, saar %)",Quarterly,01-06-2013,Historical forecasts,Consensus,FocusEconomics,01-11-2012,30-10-2012,2.138734
United States,GDPSAAR,"Economic Growth (GDP, saar %)",Quarterly,01-09-2013,Historical forecasts,Consensus,FocusEconomics,01-11-2012,30-10-2012,2.593817
United States,GDPSAAR,"Economic Growth (GDP, saar %)",Quarterly,01-12-2013,Historical forecasts,Consensus,FocusEconomics,01-11-2012,30-10-2012,2.710758
United States,GDPSAAR,"Economic Growth (GDP, saar %)",Quarterly,01-12-2012,Historical forecasts,Consensus,FocusEconomics,01-12-2012,27-11-2012,1.788665
United States,GDPSAAR,"Economic Growth (GDP, saar %)",Quarterly,01-03-2013,Historical forecasts,Consensus,FocusEconomics,01-12-2012,27-11-2012,1.501878
United States,GDPSAAR,"Economic Growth (GDP, saar %)",Quarterly,01-06-2013,Historical forecasts,Consensus,FocusEconomics,01-12-2012,27-11-2012,2.115302
United States,GDPSAAR,"Economic Growth (GDP, saar %)",Quarterly,01-09-2013,Historical forecasts,Consensus,FocusEconomics,01-12-2012,27-11-2012,2.586045
United States,GDPSAAR,"Economic Growth (GDP, saar %)",Quarterly,01-12-2013,Historical forecasts,Consensus,FocusEconomics,01-12-2012,27-11-2012,2.712081
United States,GDPSAAR,"Economic Growth (GDP, saar %)",Quarterly,01-06-2013,Historical forecasts,Consensus,FocusEconomics,01-05-2013,07-05-2013,1.675731
United States,GDPSAAR,"Economic Growth (GDP, saar %)",Quarterly,01-09-2013,Historical forecasts,Consensus,FocusEconomics,01-05-2013,07-05-2013,2.412299
United States,GDPSAAR,"Economic Growth (GDP, saar %)",Quarterly,01-12-2013,Historical forecasts,Consensus,FocusEconomics,01-05-2013,07-05-2013,2.768326
United States,GDPSAAR,"Economic Growth (GDP, saar %)",Quarterly,01-03-2014,Historical forecasts,Consensus,FocusEconomics,01-05-2013,07-05-2013,2.740579
United States,GDPSAAR,"Economic Growth (GDP, saar %)",Quarterly,01-06-2014,Historical forecasts,Consensus,FocusEconomics,01-05-2013,07-05-2013,2.84013
United States,GDPSAAR,"Economic Growth (GDP, saar %)",Quarterly,01-09-2014,Historical forecasts,Consensus,FocusEconomics,01-05-2013,07-05-2013,2.930897
United States,GDPSAAR,"Economic Growth (GDP, saar %)",Quarterly,01-12-2014,Historical forecasts,Consensus,FocusEconomics,01-05-2013,07-05-2013,3.013608
United States,GDPSAAR,"Economic Growth (GDP, saar %)",Quarterly,01-09-2013,Historical forecasts,Consensus,FocusEconomics,01-09-2013,03-09-2013,2.36536
United States,GDPSAAR,"Economic Growth (GDP, saar %)",Quarterly,01-12-2013,Historical forecasts,Consensus,FocusEconomics,01-09-2013,03-09-2013,2.686321
United States,GDPSAAR,"Economic Growth (GDP, saar %)",Quarterly,01-03-2014,Historical forecasts,Consensus,FocusEconomics,01-09-2013,03-09-2013,2.727161
United States,GDPSAAR,"Economic Growth (GDP, saar %)",Quarterly,01-06-2014,Historical forecasts,Consensus,FocusEconomics,01-09-2013,03-09-2013,2.974744
United States,GDPSAAR,"Economic Growth (GDP, saar %)",Quarterly,01-09-2014,Historical forecasts,Consensus,FocusEconomics,01-09-2013,03-09-2013,3.046169
United States,GDPSAAR,"Economic Growth (GDP, saar %)",Quarterly,01-12-2014,Historical forecasts,Consensus,FocusEconomics,01-09-2013,03-09-2013,2.965312
United States,GDPSAAR,"Economic Growth (GDP, saar %)",Quarterly,01-03-2014,Historical forecasts,Consensus,FocusEconomics,01-01-2014,20-12-2013,2.781733
United States,GDPSAAR,"Economic Growth (GDP, saar %)",Quarterly,01-06-2014,Historical forecasts,Consensus,FocusEconomics,01-01-2014,20-12-2013,2.912813
United States,GDPSAAR,"Economic Growth (GDP, saar %)",Quarterly,01-09-2014,Historical forecasts,Consensus,FocusEconomics,01-01-2014,20-12-2013,3.040311
United States,GDPSAAR,"Economic Growth (GDP, saar %)",Quarterly,01-12-2014,Historical forecasts,Consensus,FocusEconomics,01-01-2014,20-12-2013,3.006289
United States,GDPSAAR,"Economic Growth (GDP, saar %)",Quarterly,01-03-2014,Historical forecasts,Consensus,FocusEconomics,01-02-2014,04-02-2014,2.51521
United States,GDPSAAR,"Economic Growth (GDP, saar %)",Quarterly,01-06-2014,Historical forecasts,Consensus,FocusEconomics,01-02-2014,04-02-2014,2.900993
United States,GDPSAAR,"Economic Growth (GDP, saar %)",Quarterly,01-09-2014,Historical forecasts,Consensus,FocusEconomics,01-02-2014,04-02-2014,3.001526
United States,GDPSAAR,"Economic Growth (GDP, saar %)",Quarterly,01-12-2014,Historical forecasts,Consensus,FocusEconomics,01-02-2014,04-02-2014,3.01719
United States,GDPSAAR,"Economic Growth (GDP, saar %)",Quarterly,01-12-2014,Historical forecasts,Consensus,FocusEconomics,01-11-2014,28-10-2014,2.81963
United States,GDPSAAR,"Economic Growth (GDP, saar %)",Quarterly,01-03-2015,Historical forecasts,Consensus,FocusEconomics,01-11-2014,28-10-2014,2.856511
United States,GDPSAAR,"Economic Growth (GDP, saar %)",Quarterly,01-06-2015,Historical forecasts,Consensus,FocusEconomics,01-11-2014,28-10-2014,2.782633
United States,GDPSAAR,"Economic Growth (GDP, saar %)",Quarterly,01-09-2015,Historical forecasts,Consensus,FocusEconomics,01-11-2014,28-10-2014,2.752217
United States,GDPSAAR,"Economic Growth (GDP, saar %)",Quarterly,01-12-2015,Historical forecasts,Consensus,FocusEconomics,01-11-2014,28-10-2014,2.741502
United States,GDPSAAR,"Economic Growth (GDP, saar %)",Quarterly,01-12-2014,Historical forecasts,Consensus,FocusEconomics,01-12-2014,25-11-2014,2.76026
United States,GDPSAAR,"Economic Growth (GDP, saar %)",Quarterly,01-12-2013,Historical forecasts,Consensus,FocusEconomics,01-08-2013,30-07-2013,2.62906
United States,GDPSAAR,"Economic Growth (GDP, saar %)",Quarterly,01-03-2014,Historical forecasts,Consensus,FocusEconomics,01-08-2013,30-07-2013,2.571231
United States,GDPSAAR,"Economic Growth (GDP, saar %)",Quarterly,01-06-2014,Historical forecasts,Consensus,FocusEconomics,01-08-2013,30-07-2013,2.829671
United States,GDPSAAR,"Economic Growth (GDP, saar %)",Quarterly,01-09-2014,Historical forecasts,Consensus,FocusEconomics,01-08-2013,30-07-2013,2.947393
United States,GDPSAAR,"Economic Growth (GDP, saar %)",Quarterly,01-12-2014,Historical forecasts,Consensus,FocusEconomics,01-08-2013,30-07-2013,2.928967
United States,GDPSAAR,"Economic Growth (GDP, saar %)",Quarterly,01-12-2013,Historical forecasts,Consensus,FocusEconomics,01-11-2013,29-10-2013,2.54293
United States,GDPSAAR,"Economic Growth (GDP, saar %)",Quarterly,01-03-2014,Historical forecasts,Consensus,FocusEconomics,01-11-2013,29-10-2013,2.741677
United States,GDPSAAR,"Economic Growth (GDP, saar %)",Quarterly,01-06-2014,Historical forecasts,Consensus,FocusEconomics,01-11-2013,29-10-2013,2.940293
United States,GDPSAAR,"Economic Growth (GDP, saar %)",Quarterly,01-09-2014,Historical forecasts,Consensus,FocusEconomics,01-11-2013,29-10-2013,3.017101
United States,GDPSAAR,"Economic Growth (GDP, saar %)",Quarterly,01-12-2014,Historical forecasts,Consensus,FocusEconomics,01-11-2013,29-10-2013,2.926626
United States,GDPSAAR,"Economic Growth (GDP, saar %)",Quarterly,01-03-2014,Historical forecasts,Consensus,FocusEconomics,01-03-2014,04-03-2014,2.076038
United States,GDPSAAR,"Economic Growth (GDP, saar %)",Quarterly,01-06-2014,Historical forecasts,Consensus,FocusEconomics,01-03-2014,04-03-2014,2.950725
United States,GDPSAAR,"Economic Growth (GDP, saar %)",Quarterly,01-09-2014,Historical forecasts,Consensus,FocusEconomics,01-03-2014,04-03-2014,3.116349
United States,GDPSAAR,"Economic Growth (GDP, saar %)",Quarterly,01-12-2014,Historical forecasts,Consensus,FocusEconomics,01-03-2014,04-03-2014,3.061809
United States,GDPSAAR,"Economic Growth (GDP, saar %)",Quarterly,01-03-2015,Historical forecasts,Consensus,FocusEconomics,01-03-2014,04-03-2014,2.63607
United States,GDPSAAR,"Economic Growth (GDP, saar %)",Quarterly,01-06-2015,Historical forecasts,Consensus,FocusEconomics,01-03-2014,04-03-2014,2.825331
United States,GDPSAAR,"Economic Growth (GDP, saar %)",Quarterly,01-09-2015,Historical forecasts,Consensus,FocusEconomics,01-03-2014,04-03-2014,2.704388
United States,GDPSAAR,"Economic Growth (GDP, saar %)",Quarterly,01-12-2015,Historical forecasts,Consensus,FocusEconomics,01-03-2014,04-03-2014,2.740814
United States,GDPSAAR,"Economic Growth (GDP, saar %)",Quarterly,01-06-2014,Historical forecasts,Consensus,FocusEconomics,01-06-2014,27-05-2014,3.509643
United States,GDPSAAR,"Economic Growth (GDP, saar %)",Quarterly,01-09-2014,Historical forecasts,Consensus,FocusEconomics,01-06-2014,27-05-2014,3.12638
United States,GDPSAAR,"Economic Growth (GDP, saar %)",Quarterly,01-12-2014,Historical forecasts,Consensus,FocusEconomics,01-06-2014,27-05-2014,3.011338
United States,GDPSAAR,"Economic Growth (GDP, saar %)",Quarterly,01-03-2015,Historical forecasts,Consensus,FocusEconomics,01-06-2014,27-05-2014,3.003197
United States,GDPSAAR,"Economic Growth (GDP, saar %)",Quarterly,01-06-2015,Historical forecasts,Consensus,FocusEconomics,01-06-2014,27-05-2014,2.878542
United States,GDPSAAR,"Economic Growth (GDP, saar %)",Quarterly,01-09-2015,Historical forecasts,Consensus,FocusEconomics,01-06-2014,27-05-2014,2.948749
United States,GDPSAAR,"Economic Growth (GDP, saar %)",Quarterly,01-12-2015,Historical forecasts,Consensus,FocusEconomics,01-06-2014,27-05-2014,2.919068
United States,GDPSAAR,"Economic Growth (GDP, saar %)",Quarterly,01-09-2014,Historical forecasts,Consensus,FocusEconomics,01-09-2014,02-09-2014,2.974793
United States,GDPSAAR,"Economic Growth (GDP, saar %)",Quarterly,01-12-2014,Historical forecasts,Consensus,FocusEconomics,01-09-2014,02-09-2014,3.021052
United States,GDPSAAR,"Economic Growth (GDP, saar %)",Quarterly,01-03-2015,Historical forecasts,Consensus,FocusEconomics,01-09-2014,02-09-2014,2.980243
United States,GDPSAAR,"Economic Growth (GDP, saar %)",Quarterly,01-06-2015,Historical forecasts,Consensus,FocusEconomics,01-09-2014,02-09-2014,2.880744
United States,GDPSAAR,"Economic Growth (GDP, saar %)",Quarterly,01-09-2015,Historical forecasts,Consensus,FocusEconomics,01-09-2014,02-09-2014,2.890107
United States,GDPSAAR,"Economic Growth (GDP, saar %)",Quarterly,01-12-2015,Historical forecasts,Consensus,FocusEconomics,01-09-2014,02-09-2014,2.892331
United States,GDPSAAR,"Economic Growth (GDP, saar %)",Quarterly,01-03-2015,Historical forecasts,Consensus,FocusEconomics,01-01-2015,23-12-2014,2.940148
United States,GDPSAAR,"Economic Growth (GDP, saar %)",Quarterly,01-06-2015,Historical forecasts,Consensus,FocusEconomics,01-01-2015,23-12-2014,2.884222
United States,GDPSAAR,"Economic Growth (GDP, saar %)",Quarterly,01-09-2015,Historical forecasts,Consensus,FocusEconomics,01-01-2015,23-12-2014,2.914271
United States,GDPSAAR,"Economic Growth (GDP, saar %)",Quarterly,01-12-2015,Historical forecasts,Consensus,FocusEconomics,01-01-2015,23-12-2014,2.866002
United States,GDPSAAR,"Economic Growth (GDP, saar %)",Quarterly,01-03-2015,Historical forecasts,Consensus,FocusEconomics,01-03-2015,03-03-2015,2.727747
United States,GDPSAAR,"Economic Growth (GDP, saar %)",Quarterly,01-06-2015,Historical forecasts,Consensus,FocusEconomics,01-03-2015,03-03-2015,2.940208
United States,GDPSAAR,"Economic Growth (GDP, saar %)",Quarterly,01-09-2015,Historical forecasts,Consensus,FocusEconomics,01-07-2014,01-07-2014,2.925875
United States,GDPSAAR,"Economic Growth (GDP, saar %)",Quarterly,01-12-2015,Historical forecasts,Consensus,FocusEconomics,01-07-2014,01-07-2014,2.936303
United States,GDPSAAR,"Economic Growth (GDP, saar %)",Quarterly,01-09-2014,Historical forecasts,Consensus,FocusEconomics,01-08-2014,29-07-2014,3.060091
United States,GDPSAAR,"Economic Growth (GDP, saar %)",Quarterly,01-12-2014,Historical forecasts,Consensus,FocusEconomics,01-08-2014,29-07-2014,3.041881
United States,GDPSAAR,"Economic Growth (GDP, saar %)",Quarterly,01-03-2015,Historical forecasts,Consensus,FocusEconomics,01-08-2014,29-07-2014,3.024933
United States,GDPSAAR,"Economic Growth (GDP, saar %)",Quarterly,01-06-2015,Historical forecasts,Consensus,FocusEconomics,01-08-2014,29-07-2014,2.921376
United States,GDPSAAR,"Economic Growth (GDP, saar %)",Quarterly,01-09-2015,Historical forecasts,Consensus,FocusEconomics,01-08-2014,29-07-2014,2.924267
United States,GDPSAAR,"Economic Growth (GDP, saar %)",Quarterly,01-12-2015,Historical forecasts,Consensus,FocusEconomics,01-08-2014,29-07-2014,2.939742
United States,GDPSAAR,"Economic Growth (GDP, saar %)",Quarterly,01-06-2015,Historical forecasts,Consensus,FocusEconomics,01-04-2015,31-03-2015,3.14575
United States,GDPSAAR,"Economic Growth (GDP, saar %)",Quarterly,01-09-2015,Historical forecasts,Consensus,FocusEconomics,01-04-2015,31-03-2015,2.98954
United States,GDPSAAR,"Economic Growth (GDP, saar %)",Quarterly,01-12-2015,Historical forecasts,Consensus,FocusEconomics,01-04-2015,31-03-2015,2.81018
United States,GDPSAAR,"Economic Growth (GDP, saar %)",Quarterly,01-03-2016,Historical forecasts,Consensus,FocusEconomics,01-04-2015,31-03-2015,2.648526
United States,GDPSAAR,"Economic Growth (GDP, saar %)",Quarterly,01-06-2016,Historical forecasts,Consensus,FocusEconomics,01-04-2015,31-03-2015,2.714217
United States,GDPSAAR,"Economic Growth (GDP, saar %)",Quarterly,01-09-2016,Historical forecasts,Consensus,FocusEconomics,01-04-2015,31-03-2015,2.752514
United States,GDPSAAR,"Economic Growth (GDP, saar %)",Quarterly,01-12-2016,Historical forecasts,Consensus,FocusEconomics,01-04-2015,31-03-2015,2.536866
United States,GDPSAAR,"Economic Growth (GDP, saar %)",Quarterly,01-09-2015,Historical forecasts,Consensus,FocusEconomics,01-07-2015,30-06-2015,3.177507
United States,GDPSAAR,"Economic Growth (GDP, saar %)",Quarterly,01-12-2015,Historical forecasts,Consensus,FocusEconomics,01-07-2015,30-06-2015,2.857209
United States,GDPSAAR,"Economic Growth (GDP, saar %)",Quarterly,01-03-2016,Historical forecasts,Consensus,FocusEconomics,01-07-2015,30-06-2015,2.493958
United States,GDPSAAR,"Economic Growth (GDP, saar %)",Quarterly,01-06-2016,Historical forecasts,Consensus,FocusEconomics,01-07-2015,30-06-2015,2.733057
United States,GDPSAAR,"Economic Growth (GDP, saar %)",Quarterly,01-09-2016,Historical forecasts,Consensus,FocusEconomics,01-07-2015,30-06-2015,2.754042
United States,GDPSAAR,"Economic Growth (GDP, saar %)",Quarterly,01-12-2016,Historical forecasts,Consensus,FocusEconomics,01-07-2015,30-06-2015,2.534078
United States,GDPSAAR,"Economic Growth (GDP, saar %)",Quarterly,01-09-2015,Historical forecasts,Consensus,FocusEconomics,01-09-2015,01-09-2015,2.766039
United States,GDPSAAR,"Economic Growth (GDP, saar %)",Quarterly,01-12-2015,Historical forecasts,Consensus,FocusEconomics,01-09-2015,01-09-2015,2.787306
United States,GDPSAAR,"Economic Growth (GDP, saar %)",Quarterly,01-03-2016,Historical forecasts,Consensus,FocusEconomics,01-09-2015,01-09-2015,2.555389
United States,GDPSAAR,"Economic Growth (GDP, saar %)",Quarterly,01-06-2016,Historical forecasts,Consensus,FocusEconomics,01-09-2015,01-09-2015,2.654284
United States,GDPSAAR,"Economic Growth (GDP, saar %)",Quarterly,01-09-2016,Historical forecasts,Consensus,FocusEconomics,01-09-2015,01-09-2015,2.680467
United States,GDPSAAR,"Economic Growth (GDP, saar %)",Quarterly,01-12-2016,Historical forecasts,Consensus,FocusEconomics,01-09-2015,01-09-2015,2.479251
United States,GDPSAAR,"Economic Growth (GDP, saar %)",Quarterly,01-12-2015,Historical forecasts,Consensus,FocusEconomics,01-10-2015,29-09-2015,2.7
United States,GDPSAAR,"Economic Growth (GDP, saar %)",Quarterly,01-03-2016,Historical forecasts,Consensus,FocusEconomics,01-10-2015,29-09-2015,2.5
United States,GDPSAAR,"Economic Growth (GDP, saar %)",Quarterly,01-06-2016,Historical forecasts,Consensus,FocusEconomics,01-10-2015,29-09-2015,2.6
United States,GDPSAAR,"Economic Growth (GDP, saar %)",Quarterly,01-09-2016,Historical forecasts,Consensus,FocusEconomics,01-10-2015,29-09-2015,2.7
United States,GDPSAAR,"Economic Growth (GDP, saar %)",Quarterly,01-12-2016,Historical forecasts,Consensus,FocusEconomics,01-10-2015,29-09-2015,2.5
United States,GDPSAAR,"Economic Growth (GDP, saar %)",Quarterly,01-06-2016,Historical forecasts,Consensus,FocusEconomics,01-04-2016,05-04-2016,2.377054
United States,GDPSAAR,"Economic Growth (GDP, saar %)",Quarterly,01-09-2016,Historical forecasts,Consensus,FocusEconomics,01-04-2016,05-04-2016,2.349808
United States,GDPSAAR,"Economic Growth (GDP, saar %)",Quarterly,01-12-2016,Historical forecasts,Consensus,FocusEconomics,01-04-2016,05-04-2016,2.387599
United States,GDPSAAR,"Economic Growth (GDP, saar %)",Quarterly,01-03-2017,Historical forecasts,Consensus,FocusEconomics,01-04-2016,05-04-2016,2.273788
United States,GDPSAAR,"Economic Growth (GDP, saar %)",Quarterly,01-06-2017,Historical forecasts,Consensus,FocusEconomics,01-04-2016,05-04-2016,2.40843
United States,GDPSAAR,"Economic Growth (GDP, saar %)",Quarterly,01-06-2015,Historical forecasts,Consensus,FocusEconomics,01-02-2015,03-02-2015,2.891307
United States,GDPSAAR,"Economic Growth (GDP, saar %)",Quarterly,01-09-2015,Historical forecasts,Consensus,FocusEconomics,01-02-2015,03-02-2015,2.918021
United States,GDPSAAR,"Economic Growth (GDP, saar %)",Quarterly,01-12-2015,Historical forecasts,Consensus,FocusEconomics,01-02-2015,03-02-2015,2.809589
United States,GDPSAAR,"Economic Growth (GDP, saar %)",Quarterly,01-03-2016,Historical forecasts,Consensus,FocusEconomics,01-02-2015,03-02-2015,2.685721
United States,GDPSAAR,"Economic Growth (GDP, saar %)",Quarterly,01-06-2016,Historical forecasts,Consensus,FocusEconomics,01-02-2015,03-02-2015,2.84692
United States,GDPSAAR,"Economic Growth (GDP, saar %)",Quarterly,01-09-2016,Historical forecasts,Consensus,FocusEconomics,01-02-2015,03-02-2015,2.804601
United States,GDPSAAR,"Economic Growth (GDP, saar %)",Quarterly,01-12-2016,Historical forecasts,Consensus,FocusEconomics,01-02-2015,03-02-2015,2.534388
United States,GDPSAAR,"Economic Growth (GDP, saar %)",Quarterly,01-06-2015,Historical forecasts,Consensus,FocusEconomics,01-06-2015,02-06-2015,2.7
United States,GDPSAAR,"Economic Growth (GDP, saar %)",Quarterly,01-09-2015,Historical forecasts,Consensus,FocusEconomics,01-06-2015,02-06-2015,3.1
United States,GDPSAAR,"Economic Growth (GDP, saar %)",Quarterly,01-12-2015,Historical forecasts,Consensus,FocusEconomics,01-06-2015,02-06-2015,2.8
United States,GDPSAAR,"Economic Growth (GDP, saar %)",Quarterly,01-03-2016,Historical forecasts,Consensus,FocusEconomics,01-06-2015,02-06-2015,2.7
United States,GDPSAAR,"Economic Growth (GDP, saar %)",Quarterly,01-06-2016,Historical forecasts,Consensus,FocusEconomics,01-06-2015,02-06-2015,2.7
United States,GDPSAAR,"Economic Growth (GDP, saar %)",Quarterly,01-09-2016,Historical forecasts,Consensus,FocusEconomics,01-06-2015,02-06-2015,2.7
United States,GDPSAAR,"Economic Growth (GDP, saar %)",Quarterly,01-12-2016,Historical forecasts,Consensus,FocusEconomics,01-06-2015,02-06-2015,2.6
United States,GDPSAAR,"Economic Growth (GDP, saar %)",Quarterly,01-12-2015,Historical forecasts,Consensus,FocusEconomics,01-12-2015,24-11-2015,2.647812
United States,GDPSAAR,"Economic Growth (GDP, saar %)",Quarterly,01-03-2016,Historical forecasts,Consensus,FocusEconomics,01-12-2015,24-11-2015,2.516383
United States,GDPSAAR,"Economic Growth (GDP, saar %)",Quarterly,01-06-2016,Historical forecasts,Consensus,FocusEconomics,01-12-2015,24-11-2015,2.598127
United States,GDPSAAR,"Economic Growth (GDP, saar %)",Quarterly,01-09-2016,Historical forecasts,Consensus,FocusEconomics,01-12-2015,24-11-2015,2.546321
United States,GDPSAAR,"Economic Growth (GDP, saar %)",Quarterly,01-12-2016,Historical forecasts,Consensus,FocusEconomics,01-12-2015,24-11-2015,2.478439
United States,GDPSAAR,"Economic Growth (GDP, saar %)",Quarterly,01-03-2016,Historical forecasts,Consensus,FocusEconomics,01-03-2016,01-03-2016,2.199941
United States,GDPSAAR,"Economic Growth (GDP, saar %)",Quarterly,01-06-2016,Historical forecasts,Consensus,FocusEconomics,01-03-2016,01-03-2016,2.502174
United States,GDPSAAR,"Economic Growth (GDP, saar %)",Quarterly,01-09-2016,Historical forecasts,Consensus,FocusEconomics,01-03-2016,01-03-2016,2.421544
United States,GDPSAAR,"Economic Growth (GDP, saar %)",Quarterly,01-12-2016,Historical forecasts,Consensus,FocusEconomics,01-03-2016,01-03-2016,2.455163
United States,GDPSAAR,"Economic Growth (GDP, saar %)",Quarterly,01-03-2017,Historical forecasts,Consensus,FocusEconomics,01-03-2016,01-03-2016,2.236727
United States,GDPSAAR,"Economic Growth (GDP, saar %)",Quarterly,01-06-2017,Historical forecasts,Consensus,FocusEconomics,01-03-2016,01-03-2016,2.46358
United States,GDPSAAR,"Economic Growth (GDP, saar %)",Quarterly,01-09-2017,Historical forecasts,Consensus,FocusEconomics,01-03-2016,01-03-2016,2.234334
United States,GDPSAAR,"Economic Growth (GDP, saar %)",Quarterly,01-12-2017,Historical forecasts,Consensus,FocusEconomics,01-03-2016,01-03-2016,2.212754
United States,GDPSAAR,"Economic Growth (GDP, saar %)",Quarterly,01-06-2016,Historical forecasts,Consensus,FocusEconomics,01-06-2016,31-05-2016,2.318222
United States,GDPSAAR,"Economic Growth (GDP, saar %)",Quarterly,01-09-2016,Historical forecasts,Consensus,FocusEconomics,01-06-2016,31-05-2016,2.403703
United States,GDPSAAR,"Economic Growth (GDP, saar %)",Quarterly,01-12-2016,Historical forecasts,Consensus,FocusEconomics,01-06-2016,31-05-2016,2.382699
United States,GDPSAAR,"Economic Growth (GDP, saar %)",Quarterly,01-03-2017,Historical forecasts,Consensus,FocusEconomics,01-06-2016,31-05-2016,2.106939
United States,GDPSAAR,"Economic Growth (GDP, saar %)",Quarterly,01-06-2017,Historical forecasts,Consensus,FocusEconomics,01-06-2016,31-05-2016,2.347003
United States,GDPSAAR,"Economic Growth (GDP, saar %)",Quarterly,01-09-2017,Historical forecasts,Consensus,FocusEconomics,01-06-2016,31-05-2016,2.17938
United States,GDPSAAR,"Economic Growth (GDP, saar %)",Quarterly,01-12-2017,Historical forecasts,Consensus,FocusEconomics,01-06-2016,31-05-2016,2.167701
United States,GDPSAAR,"Economic Growth (GDP, saar %)",Quarterly,01-12-2016,Historical forecasts,Consensus,FocusEconomics,01-11-2016,25-10-2016,2.18509618192097
United States,GDPSAAR,"Economic Growth (GDP, saar %)",Quarterly,01-03-2017,Historical forecasts,Consensus,FocusEconomics,01-11-2016,25-10-2016,1.92665703608676
United States,GDPSAAR,"Economic Growth (GDP, saar %)",Quarterly,01-06-2017,Historical forecasts,Consensus,FocusEconomics,01-11-2016,25-10-2016,2.1326067540232
United States,GDPSAAR,"Economic Growth (GDP, saar %)",Quarterly,01-03-2015,Historical forecasts,Consensus,FocusEconomics,01-12-2014,25-11-2014,2.909786
United States,GDPSAAR,"Economic Growth (GDP, saar %)",Quarterly,01-06-2015,Historical forecasts,Consensus,FocusEconomics,01-12-2014,25-11-2014,2.854228
United States,GDPSAAR,"Economic Growth (GDP, saar %)",Quarterly,01-09-2015,Historical forecasts,Consensus,FocusEconomics,01-12-2014,25-11-2014,2.856142
United States,GDPSAAR,"Economic Growth (GDP, saar %)",Quarterly,01-12-2015,Historical forecasts,Consensus,FocusEconomics,01-12-2014,25-11-2014,2.800027
United States,GDPSAAR,"Economic Growth (GDP, saar %)",Quarterly,01-06-2015,Historical forecasts,Consensus,FocusEconomics,01-05-2015,05-05-2015,3.008943
United States,GDPSAAR,"Economic Growth (GDP, saar %)",Quarterly,01-09-2015,Historical forecasts,Consensus,FocusEconomics,01-05-2015,05-05-2015,3.024118
United States,GDPSAAR,"Economic Growth (GDP, saar %)",Quarterly,01-12-2015,Historical forecasts,Consensus,FocusEconomics,01-05-2015,05-05-2015,2.785298
United States,GDPSAAR,"Economic Growth (GDP, saar %)",Quarterly,01-03-2016,Historical forecasts,Consensus,FocusEconomics,01-05-2015,05-05-2015,2.615477
United States,GDPSAAR,"Economic Growth (GDP, saar %)",Quarterly,01-06-2016,Historical forecasts,Consensus,FocusEconomics,01-05-2015,05-05-2015,2.632287
United States,GDPSAAR,"Economic Growth (GDP, saar %)",Quarterly,01-09-2016,Historical forecasts,Consensus,FocusEconomics,01-05-2015,05-05-2015,2.664435
United States,GDPSAAR,"Economic Growth (GDP, saar %)",Quarterly,01-12-2016,Historical forecasts,Consensus,FocusEconomics,01-05-2015,05-05-2015,2.498223
United States,GDPSAAR,"Economic Growth (GDP, saar %)",Quarterly,01-03-2016,Historical forecasts,Consensus,FocusEconomics,01-01-2016,22-12-2015,2.563567
United States,GDPSAAR,"Economic Growth (GDP, saar %)",Quarterly,01-06-2016,Historical forecasts,Consensus,FocusEconomics,01-01-2016,22-12-2015,2.619798
United States,GDPSAAR,"Economic Growth (GDP, saar %)",Quarterly,01-09-2016,Historical forecasts,Consensus,FocusEconomics,01-01-2016,22-12-2015,2.549101
United States,GDPSAAR,"Economic Growth (GDP, saar %)",Quarterly,01-12-2016,Historical forecasts,Consensus,FocusEconomics,01-01-2016,22-12-2015,2.475563
United States,GDPSAAR,"Economic Growth (GDP, saar %)",Quarterly,01-06-2016,Historical forecasts,Consensus,FocusEconomics,01-05-2016,03-05-2016,2.356277
United States,GDPSAAR,"Economic Growth (GDP, saar %)",Quarterly,01-09-2016,Historical forecasts,Consensus,FocusEconomics,01-05-2016,03-05-2016,2.283233
United States,GDPSAAR,"Economic Growth (GDP, saar %)",Quarterly,01-12-2016,Historical forecasts,Consensus,FocusEconomics,01-05-2016,03-05-2016,2.394705
United States,GDPSAAR,"Economic Growth (GDP, saar %)",Quarterly,01-03-2017,Historical forecasts,Consensus,FocusEconomics,01-05-2016,03-05-2016,2.177675
United States,GDPSAAR,"Economic Growth (GDP, saar %)",Quarterly,01-06-2017,Historical forecasts,Consensus,FocusEconomics,01-05-2016,03-05-2016,2.398549
United States,GDPSAAR,"Economic Growth (GDP, saar %)",Quarterly,01-09-2017,Historical forecasts,Consensus,FocusEconomics,01-05-2016,03-05-2016,2.154029
United States,GDPSAAR,"Economic Growth (GDP, saar %)",Quarterly,01-12-2017,Historical forecasts,Consensus,FocusEconomics,01-05-2016,03-05-2016,2.135209
United States,GDPSAAR,"Economic Growth (GDP, saar %)",Quarterly,01-09-2016,Historical forecasts,Consensus,FocusEconomics,01-09-2016,30-08-2016,2.48300922986354
United States,GDPSAAR,"Economic Growth (GDP, saar %)",Quarterly,01-12-2016,Historical forecasts,Consensus,FocusEconomics,01-09-2016,30-08-2016,2.21235888745085
United States,GDPSAAR,"Economic Growth (GDP, saar %)",Quarterly,01-03-2017,Historical forecasts,Consensus,FocusEconomics,01-09-2016,30-08-2016,1.88241832704119
United States,GDPSAAR,"Economic Growth (GDP, saar %)",Quarterly,01-06-2017,Historical forecasts,Consensus,FocusEconomics,01-09-2016,30-08-2016,2.20605825847212
United States,GDPSAAR,"Economic Growth (GDP, saar %)",Quarterly,01-09-2017,Historical forecasts,Consensus,FocusEconomics,01-09-2016,30-08-2016,2.07746243310126
United States,GDPSAAR,"Economic Growth (GDP, saar %)",Quarterly,01-12-2017,Historical forecasts,Consensus,FocusEconomics,01-09-2016,30-08-2016,2.09795818302236
United States,GDPSAAR,"Economic Growth (GDP, saar %)",Quarterly,01-12-2016,Historical forecasts,Consensus,FocusEconomics,01-10-2016,27-09-2016,2.21133816538754
United States,GDPSAAR,"Economic Growth (GDP, saar %)",Quarterly,01-03-2017,Historical forecasts,Consensus,FocusEconomics,01-10-2016,27-09-2016,1.98335507382952
United States,GDPSAAR,"Economic Growth (GDP, saar %)",Quarterly,01-06-2017,Historical forecasts,Consensus,FocusEconomics,01-10-2016,27-09-2016,2.21021052497416
United States,GDPSAAR,"Economic Growth (GDP, saar %)",Quarterly,01-09-2017,Historical forecasts,Consensus,FocusEconomics,01-10-2016,27-09-2016,2.03383678467466
United States,GDPSAAR,"Economic Growth (GDP, saar %)",Quarterly,01-12-2017,Historical forecasts,Consensus,FocusEconomics,01-10-2016,27-09-2016,1.99513068863905
United States,GDPSAAR,"Economic Growth (GDP, saar %)",Quarterly,01-03-2017,Historical forecasts,Consensus,FocusEconomics,01-02-2017,31-01-2017,2.05271998021286
United States,GDPSAAR,"Economic Growth (GDP, saar %)",Quarterly,01-06-2017,Historical forecasts,Consensus,FocusEconomics,01-02-2017,31-01-2017,2.23556699780289
United States,GDPSAAR,"Economic Growth (GDP, saar %)",Quarterly,01-09-2017,Historical forecasts,Consensus,FocusEconomics,01-02-2017,31-01-2017,2.38345700517192
United States,GDPSAAR,"Economic Growth (GDP, saar %)",Quarterly,01-12-2017,Historical forecasts,Consensus,FocusEconomics,01-02-2017,31-01-2017,2.42840804111843
United States,GDPSAAR,"Economic Growth (GDP, saar %)",Quarterly,01-09-2015,Historical forecasts,Consensus,FocusEconomics,01-03-2015,03-03-2015,2.871981
United States,GDPSAAR,"Economic Growth (GDP, saar %)",Quarterly,01-12-2015,Historical forecasts,Consensus,FocusEconomics,01-03-2015,03-03-2015,2.785312
United States,GDPSAAR,"Economic Growth (GDP, saar %)",Quarterly,01-03-2016,Historical forecasts,Consensus,FocusEconomics,01-03-2015,03-03-2015,2.574525
United States,GDPSAAR,"Economic Growth (GDP, saar %)",Quarterly,01-06-2016,Historical forecasts,Consensus,FocusEconomics,01-03-2015,03-03-2015,2.667795
United States,GDPSAAR,"Economic Growth (GDP, saar %)",Quarterly,01-09-2016,Historical forecasts,Consensus,FocusEconomics,01-03-2015,03-03-2015,2.693024
United States,GDPSAAR,"Economic Growth (GDP, saar %)",Quarterly,01-12-2016,Historical forecasts,Consensus,FocusEconomics,01-03-2015,03-03-2015,2.389979
United States,GDPSAAR,"Economic Growth (GDP, saar %)",Quarterly,01-09-2015,Historical forecasts,Consensus,FocusEconomics,01-08-2015,28-07-2015,3.09192
United States,GDPSAAR,"Economic Growth (GDP, saar %)",Quarterly,01-12-2015,Historical forecasts,Consensus,FocusEconomics,01-08-2015,28-07-2015,2.785063
United States,GDPSAAR,"Economic Growth (GDP, saar %)",Quarterly,01-03-2016,Historical forecasts,Consensus,FocusEconomics,01-08-2015,28-07-2015,2.46059
United States,GDPSAAR,"Economic Growth (GDP, saar %)",Quarterly,01-06-2016,Historical forecasts,Consensus,FocusEconomics,01-08-2015,28-07-2015,2.707696
United States,GDPSAAR,"Economic Growth (GDP, saar %)",Quarterly,01-09-2016,Historical forecasts,Consensus,FocusEconomics,01-08-2015,28-07-2015,2.701821
United States,GDPSAAR,"Economic Growth (GDP, saar %)",Quarterly,01-12-2016,Historical forecasts,Consensus,FocusEconomics,01-08-2015,28-07-2015,2.479756
United States,GDPSAAR,"Economic Growth (GDP, saar %)",Quarterly,01-12-2015,Historical forecasts,Consensus,FocusEconomics,01-11-2015,27-10-2015,2.7
United States,GDPSAAR,"Economic Growth (GDP, saar %)",Quarterly,01-03-2016,Historical forecasts,Consensus,FocusEconomics,01-11-2015,27-10-2015,2.6
United States,GDPSAAR,"Economic Growth (GDP, saar %)",Quarterly,01-06-2016,Historical forecasts,Consensus,FocusEconomics,01-11-2015,27-10-2015,2.6
United States,GDPSAAR,"Economic Growth (GDP, saar %)",Quarterly,01-09-2016,Historical forecasts,Consensus,FocusEconomics,01-11-2015,27-10-2015,2.5
United States,GDPSAAR,"Economic Growth (GDP, saar %)",Quarterly,01-12-2016,Historical forecasts,Consensus,FocusEconomics,01-11-2015,27-10-2015,2.4
United States,GDPSAAR,"Economic Growth (GDP, saar %)",Quarterly,01-03-2016,Historical forecasts,Consensus,FocusEconomics,01-02-2016,02-02-2016,2.356846
United States,GDPSAAR,"Economic Growth (GDP, saar %)",Quarterly,01-06-2016,Historical forecasts,Consensus,FocusEconomics,01-02-2016,02-02-2016,2.595219
United States,GDPSAAR,"Economic Growth (GDP, saar %)",Quarterly,01-09-2016,Historical forecasts,Consensus,FocusEconomics,01-02-2016,02-02-2016,2.536826
United States,GDPSAAR,"Economic Growth (GDP, saar %)",Quarterly,01-12-2016,Historical forecasts,Consensus,FocusEconomics,01-02-2016,02-02-2016,2.513296
United States,GDPSAAR,"Economic Growth (GDP, saar %)",Quarterly,01-09-2016,Historical forecasts,Consensus,FocusEconomics,01-08-2016,26-07-2016,2.127978
United States,GDPSAAR,"Economic Growth (GDP, saar %)",Quarterly,01-12-2016,Historical forecasts,Consensus,FocusEconomics,01-08-2016,26-07-2016,2.177697
United States,GDPSAAR,"Economic Growth (GDP, saar %)",Quarterly,01-03-2017,Historical forecasts,Consensus,FocusEconomics,01-08-2016,26-07-2016,1.970318
United States,GDPSAAR,"Economic Growth (GDP, saar %)",Quarterly,01-06-2017,Historical forecasts,Consensus,FocusEconomics,01-08-2016,26-07-2016,2.256605
United States,GDPSAAR,"Economic Growth (GDP, saar %)",Quarterly,01-09-2017,Historical forecasts,Consensus,FocusEconomics,01-08-2016,26-07-2016,2.179085
United States,GDPSAAR,"Economic Growth (GDP, saar %)",Quarterly,01-12-2017,Historical forecasts,Consensus,FocusEconomics,01-08-2016,26-07-2016,2.158859
United States,GDPSAAR,"Economic Growth (GDP, saar %)",Quarterly,01-03-2017,Historical forecasts,Consensus,FocusEconomics,01-01-2017,20-12-2016,2.02256473804045
United States,GDPSAAR,"Economic Growth (GDP, saar %)",Quarterly,01-06-2017,Historical forecasts,Consensus,FocusEconomics,01-01-2017,20-12-2016,2.1791132011515
United States,GDPSAAR,"Economic Growth (GDP, saar %)",Quarterly,01-09-2017,Historical forecasts,Consensus,FocusEconomics,01-01-2017,20-12-2016,2.30922473194926
United States,GDPSAAR,"Economic Growth (GDP, saar %)",Quarterly,01-12-2017,Historical forecasts,Consensus,FocusEconomics,01-01-2017,20-12-2016,2.32483155255366
United States,GDPSAAR,"Economic Growth (GDP, saar %)",Quarterly,01-06-2017,Historical forecasts,Consensus,FocusEconomics,01-04-2017,28-03-2017,2.43571660830148
United States,GDPSAAR,"Economic Growth (GDP, saar %)",Quarterly,01-09-2017,Historical forecasts,Consensus,FocusEconomics,01-04-2017,28-03-2017,2.51465411714122
United States,GDPSAAR,"Economic Growth (GDP, saar %)",Quarterly,01-12-2017,Historical forecasts,Consensus,FocusEconomics,01-04-2017,28-03-2017,2.51430856937042
United States,GDPSAAR,"Economic Growth (GDP, saar %)",Quarterly,01-03-2018,Historical forecasts,Consensus,FocusEconomics,01-04-2017,28-03-2017,2.41250805442827
United States,GDPSAAR,"Economic Growth (GDP, saar %)",Quarterly,01-06-2018,Historical forecasts,Consensus,FocusEconomics,01-04-2017,28-03-2017,2.28967895753996
United States,GDPSAAR,"Economic Growth (GDP, saar %)",Quarterly,01-09-2018,Historical forecasts,Consensus,FocusEconomics,01-04-2017,28-03-2017,2.26552706800727
United States,GDPSAAR,"Economic Growth (GDP, saar %)",Quarterly,01-09-2017,Historical forecasts,Consensus,FocusEconomics,01-04-2016,05-04-2016,2.198974
United States,GDPSAAR,"Economic Growth (GDP, saar %)",Quarterly,01-12-2017,Historical forecasts,Consensus,FocusEconomics,01-04-2016,05-04-2016,2.176395
United States,GDPSAAR,"Economic Growth (GDP, saar %)",Quarterly,01-09-2016,Historical forecasts,Consensus,FocusEconomics,01-07-2016,28-06-2016,2.284512
United States,GDPSAAR,"Economic Growth (GDP, saar %)",Quarterly,01-12-2016,Historical forecasts,Consensus,FocusEconomics,01-07-2016,28-06-2016,2.335292
United States,GDPSAAR,"Economic Growth (GDP, saar %)",Quarterly,01-03-2017,Historical forecasts,Consensus,FocusEconomics,01-07-2016,28-06-2016,2.016266
United States,GDPSAAR,"Economic Growth (GDP, saar %)",Quarterly,01-06-2017,Historical forecasts,Consensus,FocusEconomics,01-07-2016,28-06-2016,2.271667
United States,GDPSAAR,"Economic Growth (GDP, saar %)",Quarterly,01-09-2017,Historical forecasts,Consensus,FocusEconomics,01-07-2016,28-06-2016,2.148706
United States,GDPSAAR,"Economic Growth (GDP, saar %)",Quarterly,01-12-2017,Historical forecasts,Consensus,FocusEconomics,01-07-2016,28-06-2016,2.127701
United States,GDPSAAR,"Economic Growth (GDP, saar %)",Quarterly,01-12-2016,Historical forecasts,Consensus,FocusEconomics,01-12-2016,22-11-2016,2.1173235016892
United States,GDPSAAR,"Economic Growth (GDP, saar %)",Quarterly,01-03-2017,Historical forecasts,Consensus,FocusEconomics,01-12-2016,22-11-2016,1.97477402951111
United States,GDPSAAR,"Economic Growth (GDP, saar %)",Quarterly,01-06-2017,Historical forecasts,Consensus,FocusEconomics,01-12-2016,22-11-2016,2.11471645558041
United States,GDPSAAR,"Economic Growth (GDP, saar %)",Quarterly,01-09-2017,Historical forecasts,Consensus,FocusEconomics,01-12-2016,22-11-2016,2.03663164343433
United States,GDPSAAR,"Economic Growth (GDP, saar %)",Quarterly,01-12-2017,Historical forecasts,Consensus,FocusEconomics,01-12-2016,22-11-2016,1.97180066021047
United States,GDPSAAR,"Economic Growth (GDP, saar %)",Quarterly,01-03-2017,Historical forecasts,Consensus,FocusEconomics,01-03-2017,28-02-2017,2.16533690925291
United States,GDPSAAR,"Economic Growth (GDP, saar %)",Quarterly,01-06-2017,Historical forecasts,Consensus,FocusEconomics,01-03-2017,28-02-2017,2.27362537462929
United States,GDPSAAR,"Economic Growth (GDP, saar %)",Quarterly,01-09-2017,Historical forecasts,Consensus,FocusEconomics,01-03-2017,28-02-2017,2.45855110766222
United States,GDPSAAR,"Economic Growth (GDP, saar %)",Quarterly,01-12-2017,Historical forecasts,Consensus,FocusEconomics,01-03-2017,28-02-2017,2.47185808273032
United States,GDPSAAR,"Economic Growth (GDP, saar %)",Quarterly,01-03-2018,Historical forecasts,Consensus,FocusEconomics,01-03-2017,28-02-2017,2.30958177569338
United States,GDPSAAR,"Economic Growth (GDP, saar %)",Quarterly,01-06-2018,Historical forecasts,Consensus,FocusEconomics,01-03-2017,28-02-2017,2.31346258747502
United States,GDPSAAR,"Economic Growth (GDP, saar %)",Quarterly,01-09-2018,Historical forecasts,Consensus,FocusEconomics,01-03-2017,28-02-2017,2.20631331429572
United States,GDPSAAR,"Economic Growth (GDP, saar %)",Quarterly,01-12-2018,Historical forecasts,Consensus,FocusEconomics,01-03-2017,28-02-2017,2.02284942733361
United States,GDPSAAR,"Economic Growth (GDP, saar %)",Quarterly,01-09-2017,Historical forecasts,Consensus,FocusEconomics,01-08-2017,25-07-2017,2.34577426965757
United States,GDPSAAR,"Economic Growth (GDP, saar %)",Quarterly,01-12-2017,Historical forecasts,Consensus,FocusEconomics,01-08-2017,25-07-2017,2.31700475771151
United States,GDPSAAR,"Economic Growth (GDP, saar %)",Quarterly,01-03-2018,Historical forecasts,Consensus,FocusEconomics,01-08-2017,25-07-2017,2.09350614893224
United States,GDPSAAR,"Economic Growth (GDP, saar %)",Quarterly,01-06-2018,Historical forecasts,Consensus,FocusEconomics,01-08-2017,25-07-2017,2.39643457143557
United States,GDPSAAR,"Economic Growth (GDP, saar %)",Quarterly,01-09-2018,Historical forecasts,Consensus,FocusEconomics,01-08-2017,25-07-2017,2.30078645040099
United States,GDPSAAR,"Economic Growth (GDP, saar %)",Quarterly,01-12-2018,Historical forecasts,Consensus,FocusEconomics,01-08-2017,25-07-2017,2.24106901043503
United States,GDPSAAR,"Economic Growth (GDP, saar %)",Quarterly,01-03-2018,Historical forecasts,Consensus,FocusEconomics,01-02-2018,30-01-2018,2.2630879203841
United States,GDPSAAR,"Economic Growth (GDP, saar %)",Quarterly,01-06-2018,Historical forecasts,Consensus,FocusEconomics,01-02-2018,30-01-2018,2.6702087287549
United States,GDPSAAR,"Economic Growth (GDP, saar %)",Quarterly,01-09-2018,Historical forecasts,Consensus,FocusEconomics,01-02-2018,30-01-2018,2.56690346912121
United States,GDPSAAR,"Economic Growth (GDP, saar %)",Quarterly,01-12-2018,Historical forecasts,Consensus,FocusEconomics,01-02-2018,30-01-2018,2.26596993046423
United States,GDPSAAR,"Economic Growth (GDP, saar %)",Quarterly,01-06-2018,Historical forecasts,Consensus,FocusEconomics,01-05-2018,30-04-2018,3.01696294276779
United States,GDPSAAR,"Economic Growth (GDP, saar %)",Quarterly,01-09-2018,Historical forecasts,Consensus,FocusEconomics,01-05-2018,30-04-2018,2.88190530215242
United States,GDPSAAR,"Economic Growth (GDP, saar %)",Quarterly,01-12-2018,Historical forecasts,Consensus,FocusEconomics,01-05-2018,30-04-2018,2.68707589288009
United States,GDPSAAR,"Economic Growth (GDP, saar %)",Quarterly,01-03-2019,Historical forecasts,Consensus,FocusEconomics,01-05-2018,30-04-2018,2.18768818694536
United States,GDPSAAR,"Economic Growth (GDP, saar %)",Quarterly,01-06-2019,Historical forecasts,Consensus,FocusEconomics,01-05-2018,30-04-2018,2.38638326435061
United States,GDPSAAR,"Economic Growth (GDP, saar %)",Quarterly,01-09-2019,Historical forecasts,Consensus,FocusEconomics,01-05-2018,30-04-2018,2.20894089217981
United States,GDPSAAR,"Economic Growth (GDP, saar %)",Quarterly,01-09-2017,Historical forecasts,Consensus,FocusEconomics,01-11-2016,25-10-2016,1.99971644118816
United States,GDPSAAR,"Economic Growth (GDP, saar %)",Quarterly,01-12-2017,Historical forecasts,Consensus,FocusEconomics,01-11-2016,25-10-2016,1.96557476829725
United States,GDPSAAR,"Economic Growth (GDP, saar %)",Quarterly,01-06-2017,Historical forecasts,Consensus,FocusEconomics,01-05-2017,02-05-2017,2.64618980257537
United States,GDPSAAR,"Economic Growth (GDP, saar %)",Quarterly,01-09-2017,Historical forecasts,Consensus,FocusEconomics,01-05-2017,02-05-2017,2.482211696011
United States,GDPSAAR,"Economic Growth (GDP, saar %)",Quarterly,01-12-2017,Historical forecasts,Consensus,FocusEconomics,01-05-2017,02-05-2017,2.47269472158375
United States,GDPSAAR,"Economic Growth (GDP, saar %)",Quarterly,01-03-2018,Historical forecasts,Consensus,FocusEconomics,01-05-2017,02-05-2017,2.38891036290293
United States,GDPSAAR,"Economic Growth (GDP, saar %)",Quarterly,01-06-2018,Historical forecasts,Consensus,FocusEconomics,01-05-2017,02-05-2017,2.37946373686853
United States,GDPSAAR,"Economic Growth (GDP, saar %)",Quarterly,01-09-2018,Historical forecasts,Consensus,FocusEconomics,01-05-2017,02-05-2017,2.3515493243074
United States,GDPSAAR,"Economic Growth (GDP, saar %)",Quarterly,01-12-2018,Historical forecasts,Consensus,FocusEconomics,01-05-2017,02-05-2017,2.24061771807328
United States,GDPSAAR,"Economic Growth (GDP, saar %)",Quarterly,01-09-2017,Historical forecasts,Consensus,FocusEconomics,01-07-2017,27-06-2017,2.42324294118148
United States,GDPSAAR,"Economic Growth (GDP, saar %)",Quarterly,01-12-2017,Historical forecasts,Consensus,FocusEconomics,01-07-2017,27-06-2017,2.37762475537448
United States,GDPSAAR,"Economic Growth (GDP, saar %)",Quarterly,01-03-2018,Historical forecasts,Consensus,FocusEconomics,01-07-2017,27-06-2017,2.26245417592035
United States,GDPSAAR,"Economic Growth (GDP, saar %)",Quarterly,01-06-2018,Historical forecasts,Consensus,FocusEconomics,01-07-2017,27-06-2017,2.49614913746161
United States,GDPSAAR,"Economic Growth (GDP, saar %)",Quarterly,01-09-2018,Historical forecasts,Consensus,FocusEconomics,01-07-2017,27-06-2017,2.32233552865011
United States,GDPSAAR,"Economic Growth (GDP, saar %)",Quarterly,01-12-2018,Historical forecasts,Consensus,FocusEconomics,01-07-2017,27-06-2017,2.27518894003038
United States,GDPSAAR,"Economic Growth (GDP, saar %)",Quarterly,01-12-2017,Historical forecasts,Consensus,FocusEconomics,01-11-2017,24-10-2017,2.69242590275044
United States,GDPSAAR,"Economic Growth (GDP, saar %)",Quarterly,01-03-2018,Historical forecasts,Consensus,FocusEconomics,01-11-2017,24-10-2017,2.13837723902512
United States,GDPSAAR,"Economic Growth (GDP, saar %)",Quarterly,01-06-2018,Historical forecasts,Consensus,FocusEconomics,01-11-2017,24-10-2017,2.39848008243217
United States,GDPSAAR,"Economic Growth (GDP, saar %)",Quarterly,01-09-2018,Historical forecasts,Consensus,FocusEconomics,01-11-2017,24-10-2017,2.22562823923108
United States,GDPSAAR,"Economic Growth (GDP, saar %)",Quarterly,01-12-2018,Historical forecasts,Consensus,FocusEconomics,01-11-2017,24-10-2017,2.18268423923521
United States,GDPSAAR,"Economic Growth (GDP, saar %)",Quarterly,01-12-2017,Historical forecasts,Consensus,FocusEconomics,01-12-2017,21-11-2017,2.57998477817945
United States,GDPSAAR,"Economic Growth (GDP, saar %)",Quarterly,01-03-2018,Historical forecasts,Consensus,FocusEconomics,01-12-2017,21-11-2017,2.11535690885712
United States,GDPSAAR,"Economic Growth (GDP, saar %)",Quarterly,01-06-2018,Historical forecasts,Consensus,FocusEconomics,01-12-2017,21-11-2017,2.49777838356316
United States,GDPSAAR,"Economic Growth (GDP, saar %)",Quarterly,01-09-2018,Historical forecasts,Consensus,FocusEconomics,01-12-2017,21-11-2017,2.28549074981253
United States,GDPSAAR,"Economic Growth (GDP, saar %)",Quarterly,01-12-2018,Historical forecasts,Consensus,FocusEconomics,01-12-2017,21-11-2017,2.18397708667489
United States,GDPSAAR,"Economic Growth (GDP, saar %)",Quarterly,01-03-2018,Historical forecasts,Consensus,FocusEconomics,01-03-2018,27-02-2018,2.26467217680896
United States,GDPSAAR,"Economic Growth (GDP, saar %)",Quarterly,01-06-2018,Historical forecasts,Consensus,FocusEconomics,01-03-2018,27-02-2018,2.88509234208211
United States,GDPSAAR,"Economic Growth (GDP, saar %)",Quarterly,01-09-2018,Historical forecasts,Consensus,FocusEconomics,01-03-2018,27-02-2018,2.73146569119535
United States,GDPSAAR,"Economic Growth (GDP, saar %)",Quarterly,01-12-2018,Historical forecasts,Consensus,FocusEconomics,01-03-2018,27-02-2018,2.50002213902035
United States,GDPSAAR,"Economic Growth (GDP, saar %)",Quarterly,01-03-2019,Historical forecasts,Consensus,FocusEconomics,01-03-2018,27-02-2018,2.0371713015762
United States,GDPSAAR,"Economic Growth (GDP, saar %)",Quarterly,01-06-2019,Historical forecasts,Consensus,FocusEconomics,01-03-2018,27-02-2018,2.31853490029264
United States,GDPSAAR,"Economic Growth (GDP, saar %)",Quarterly,01-09-2019,Historical forecasts,Consensus,FocusEconomics,01-03-2018,27-02-2018,2.08934445875059
United States,GDPSAAR,"Economic Growth (GDP, saar %)",Quarterly,01-12-2019,Historical forecasts,Consensus,FocusEconomics,01-03-2018,27-02-2018,1.9860747202364
United States,GDPSAAR,"Economic Growth (GDP, saar %)",Quarterly,01-09-2018,Historical forecasts,Consensus,FocusEconomics,01-07-2018,26-06-2018,2.81716168882829
United States,GDPSAAR,"Economic Growth (GDP, saar %)",Quarterly,01-12-2018,Historical forecasts,Consensus,FocusEconomics,01-07-2018,26-06-2018,2.67261009752962
United States,GDPSAAR,"Economic Growth (GDP, saar %)",Quarterly,01-03-2019,Historical forecasts,Consensus,FocusEconomics,01-07-2018,26-06-2018,2.24001236533562
United States,GDPSAAR,"Economic Growth (GDP, saar %)",Quarterly,01-06-2019,Historical forecasts,Consensus,FocusEconomics,01-07-2018,26-06-2018,2.43422130289681
United States,GDPSAAR,"Economic Growth (GDP, saar %)",Quarterly,01-12-2018,Historical forecasts,Consensus,FocusEconomics,01-04-2017,28-03-2017,2.05522241854275
United States,GDPSAAR,"Economic Growth (GDP, saar %)",Quarterly,01-09-2017,Historical forecasts,Consensus,FocusEconomics,01-09-2017,29-08-2017,2.62836831690518
United States,GDPSAAR,"Economic Growth (GDP, saar %)",Quarterly,01-12-2017,Historical forecasts,Consensus,FocusEconomics,01-09-2017,29-08-2017,2.42472012877789
United States,GDPSAAR,"Economic Growth (GDP, saar %)",Quarterly,01-03-2018,Historical forecasts,Consensus,FocusEconomics,01-09-2017,29-08-2017,2.10576467568024
United States,GDPSAAR,"Economic Growth (GDP, saar %)",Quarterly,01-06-2018,Historical forecasts,Consensus,FocusEconomics,01-09-2017,29-08-2017,2.32956871253905
United States,GDPSAAR,"Economic Growth (GDP, saar %)",Quarterly,01-09-2018,Historical forecasts,Consensus,FocusEconomics,01-09-2017,29-08-2017,2.24518321400013
United States,GDPSAAR,"Economic Growth (GDP, saar %)",Quarterly,01-12-2018,Historical forecasts,Consensus,FocusEconomics,01-09-2017,29-08-2017,2.1775144768278
United States,GDPSAAR,"Economic Growth (GDP, saar %)",Quarterly,01-03-2018,Historical forecasts,Consensus,FocusEconomics,01-01-2018,22-12-2017,2.15702618145197
United States,GDPSAAR,"Economic Growth (GDP, saar %)",Quarterly,01-06-2018,Historical forecasts,Consensus,FocusEconomics,01-01-2018,22-12-2017,2.54503148322686
United States,GDPSAAR,"Economic Growth (GDP, saar %)",Quarterly,01-09-2018,Historical forecasts,Consensus,FocusEconomics,01-01-2018,22-12-2017,2.37017260375095
United States,GDPSAAR,"Economic Growth (GDP, saar %)",Quarterly,01-12-2018,Historical forecasts,Consensus,FocusEconomics,01-01-2018,22-12-2017,2.20096858890984
United States,GDPSAAR,"Economic Growth (GDP, saar %)",Quarterly,01-06-2018,Historical forecasts,Consensus,FocusEconomics,01-06-2018,29-05-2018,2.93662384023633
United States,GDPSAAR,"Economic Growth (GDP, saar %)",Quarterly,01-09-2018,Historical forecasts,Consensus,FocusEconomics,01-06-2018,29-05-2018,2.81046767778444
United States,GDPSAAR,"Economic Growth (GDP, saar %)",Quarterly,01-12-2018,Historical forecasts,Consensus,FocusEconomics,01-06-2018,29-05-2018,2.66543135154961
United States,GDPSAAR,"Economic Growth (GDP, saar %)",Quarterly,01-03-2019,Historical forecasts,Consensus,FocusEconomics,01-06-2018,29-05-2018,2.22124587734745
United States,GDPSAAR,"Economic Growth (GDP, saar %)",Quarterly,01-06-2019,Historical forecasts,Consensus,FocusEconomics,01-06-2018,29-05-2018,2.51003230049179
United States,GDPSAAR,"Economic Growth (GDP, saar %)",Quarterly,01-09-2019,Historical forecasts,Consensus,FocusEconomics,01-06-2018,29-05-2018,2.2547522529737
United States,GDPSAAR,"Economic Growth (GDP, saar %)",Quarterly,01-12-2019,Historical forecasts,Consensus,FocusEconomics,01-06-2018,29-05-2018,2.09545726150512
United States,GDPSAAR,"Economic Growth (GDP, saar %)",Quarterly,01-12-2018,Historical forecasts,Consensus,FocusEconomics,01-10-2018,25-09-2018,2.58897313121225
United States,GDPSAAR,"Economic Growth (GDP, saar %)",Quarterly,01-03-2019,Historical forecasts,Consensus,FocusEconomics,01-10-2018,25-09-2018,2.16424330522704
United States,GDPSAAR,"Economic Growth (GDP, saar %)",Quarterly,01-06-2019,Historical forecasts,Consensus,FocusEconomics,01-10-2018,25-09-2018,2.33884486014969
United States,GDPSAAR,"Economic Growth (GDP, saar %)",Quarterly,01-09-2019,Historical forecasts,Consensus,FocusEconomics,01-10-2018,25-09-2018,2.01982387642142
United States,GDPSAAR,"Economic Growth (GDP, saar %)",Quarterly,01-12-2019,Historical forecasts,Consensus,FocusEconomics,01-10-2018,25-09-2018,1.93861876271969
United States,GDPSAAR,"Economic Growth (GDP, saar %)",Quarterly,01-03-2019,Historical forecasts,Consensus,FocusEconomics,01-02-2019,29-01-2019,1.98317668121669
United States,GDPSAAR,"Economic Growth (GDP, saar %)",Quarterly,01-06-2019,Historical forecasts,Consensus,FocusEconomics,01-02-2019,29-01-2019,2.36672738879096
United States,GDPSAAR,"Economic Growth (GDP, saar %)",Quarterly,01-09-2019,Historical forecasts,Consensus,FocusEconomics,01-02-2019,29-01-2019,2.02498783310036
United States,GDPSAAR,"Economic Growth (GDP, saar %)",Quarterly,01-12-2019,Historical forecasts,Consensus,FocusEconomics,01-02-2019,29-01-2019,1.84550134358745
United States,GDPSAAR,"Economic Growth (GDP, saar %)",Quarterly,01-06-2019,Historical forecasts,Consensus,FocusEconomics,01-04-2019,26-03-2019,2.58159903338657
United States,GDPSAAR,"Economic Growth (GDP, saar %)",Quarterly,01-09-2019,Historical forecasts,Consensus,FocusEconomics,01-04-2019,26-03-2019,2.06906199620699
United States,GDPSAAR,"Economic Growth (GDP, saar %)",Quarterly,01-12-2019,Historical forecasts,Consensus,FocusEconomics,01-04-2019,26-03-2019,1.93828120594738
United States,GDPSAAR,"Economic Growth (GDP, saar %)",Quarterly,01-03-2020,Historical forecasts,Consensus,FocusEconomics,01-04-2019,26-03-2019,1.43564785068095
United States,GDPSAAR,"Economic Growth (GDP, saar %)",Quarterly,01-06-2020,Historical forecasts,Consensus,FocusEconomics,01-04-2019,26-03-2019,1.62025816498001
United States,GDPSAAR,"Economic Growth (GDP, saar %)",Quarterly,01-09-2020,Historical forecasts,Consensus,FocusEconomics,01-04-2019,26-03-2019,1.58675619639734
United States,GDPSAAR,"Economic Growth (GDP, saar %)",Quarterly,01-12-2020,Historical forecasts,Consensus,FocusEconomics,01-04-2019,26-03-2019,1.71163057587221
United States,GDPSAAR,"Economic Growth (GDP, saar %)",Quarterly,01-06-2019,Historical forecasts,Consensus,FocusEconomics,01-06-2019,28-05-2019,1.95783227631987
United States,GDPSAAR,"Economic Growth (GDP, saar %)",Quarterly,01-09-2019,Historical forecasts,Consensus,FocusEconomics,01-06-2019,28-05-2019,2.0637692447193
United States,GDPSAAR,"Economic Growth (GDP, saar %)",Quarterly,01-12-2019,Historical forecasts,Consensus,FocusEconomics,01-06-2019,28-05-2019,1.98150403623231
United States,GDPSAAR,"Economic Growth (GDP, saar %)",Quarterly,01-06-2017,Historical forecasts,Consensus,FocusEconomics,01-06-2017,30-05-2017,2.86830489242844
United States,GDPSAAR,"Economic Growth (GDP, saar %)",Quarterly,01-09-2017,Historical forecasts,Consensus,FocusEconomics,01-06-2017,30-05-2017,2.44190670788937
United States,GDPSAAR,"Economic Growth (GDP, saar %)",Quarterly,01-12-2017,Historical forecasts,Consensus,FocusEconomics,01-06-2017,30-05-2017,2.47037674172815
United States,GDPSAAR,"Economic Growth (GDP, saar %)",Quarterly,01-03-2018,Historical forecasts,Consensus,FocusEconomics,01-06-2017,30-05-2017,2.36741334301851
United States,GDPSAAR,"Economic Growth (GDP, saar %)",Quarterly,01-06-2018,Historical forecasts,Consensus,FocusEconomics,01-06-2017,30-05-2017,2.42095598125327
United States,GDPSAAR,"Economic Growth (GDP, saar %)",Quarterly,01-09-2018,Historical forecasts,Consensus,FocusEconomics,01-06-2017,30-05-2017,2.33914647872372
United States,GDPSAAR,"Economic Growth (GDP, saar %)",Quarterly,01-12-2018,Historical forecasts,Consensus,FocusEconomics,01-06-2017,30-05-2017,2.21879826781814
United States,GDPSAAR,"Economic Growth (GDP, saar %)",Quarterly,01-12-2017,Historical forecasts,Consensus,FocusEconomics,01-10-2017,26-09-2017,2.57830686772316
United States,GDPSAAR,"Economic Growth (GDP, saar %)",Quarterly,01-03-2018,Historical forecasts,Consensus,FocusEconomics,01-10-2017,26-09-2017,2.10874588978468
United States,GDPSAAR,"Economic Growth (GDP, saar %)",Quarterly,01-06-2018,Historical forecasts,Consensus,FocusEconomics,01-10-2017,26-09-2017,2.32583095984384
United States,GDPSAAR,"Economic Growth (GDP, saar %)",Quarterly,01-09-2018,Historical forecasts,Consensus,FocusEconomics,01-10-2017,26-09-2017,2.19932985013657
United States,GDPSAAR,"Economic Growth (GDP, saar %)",Quarterly,01-12-2018,Historical forecasts,Consensus,FocusEconomics,01-10-2017,26-09-2017,2.18391779396682
United States,GDPSAAR,"Economic Growth (GDP, saar %)",Quarterly,01-06-2018,Historical forecasts,Consensus,FocusEconomics,01-04-2018,27-03-2018,2.99509839917761
United States,GDPSAAR,"Economic Growth (GDP, saar %)",Quarterly,01-09-2018,Historical forecasts,Consensus,FocusEconomics,01-04-2018,27-03-2018,2.90521557851572
United States,GDPSAAR,"Economic Growth (GDP, saar %)",Quarterly,01-12-2018,Historical forecasts,Consensus,FocusEconomics,01-04-2018,27-03-2018,2.66503541575287
United States,GDPSAAR,"Economic Growth (GDP, saar %)",Quarterly,01-03-2019,Historical forecasts,Consensus,FocusEconomics,01-04-2018,27-03-2018,2.23452372819175
United States,GDPSAAR,"Economic Growth (GDP, saar %)",Quarterly,01-06-2019,Historical forecasts,Consensus,FocusEconomics,01-04-2018,27-03-2018,2.39594283555116
United States,GDPSAAR,"Economic Growth (GDP, saar %)",Quarterly,01-09-2019,Historical forecasts,Consensus,FocusEconomics,01-04-2018,27-03-2018,2.18121154564732
United States,GDPSAAR,"Economic Growth (GDP, saar %)",Quarterly,01-12-2019,Historical forecasts,Consensus,FocusEconomics,01-04-2018,27-03-2018,2.01546878342339
United States,GDPSAAR,"Economic Growth (GDP, saar %)",Quarterly,01-09-2018,Historical forecasts,Consensus,FocusEconomics,01-08-2018,24-07-2018,2.66846002117783
United States,GDPSAAR,"Economic Growth (GDP, saar %)",Quarterly,01-12-2018,Historical forecasts,Consensus,FocusEconomics,01-08-2018,24-07-2018,2.60294409799312
United States,GDPSAAR,"Economic Growth (GDP, saar %)",Quarterly,01-03-2019,Historical forecasts,Consensus,FocusEconomics,01-08-2018,24-07-2018,2.13803449468872
United States,GDPSAAR,"Economic Growth (GDP, saar %)",Quarterly,01-06-2019,Historical forecasts,Consensus,FocusEconomics,01-08-2018,24-07-2018,2.40124042909966
United States,GDPSAAR,"Economic Growth (GDP, saar %)",Quarterly,01-09-2019,Historical forecasts,Consensus,FocusEconomics,01-08-2018,24-07-2018,2.14105828182168
United States,GDPSAAR,"Economic Growth (GDP, saar %)",Quarterly,01-12-2019,Historical forecasts,Consensus,FocusEconomics,01-08-2018,24-07-2018,1.99178767054423
United States,GDPSAAR,"Economic Growth (GDP, saar %)",Quarterly,01-12-2018,Historical forecasts,Consensus,FocusEconomics,01-12-2018,20-11-2018,2.57275131142598
United States,GDPSAAR,"Economic Growth (GDP, saar %)",Quarterly,01-03-2019,Historical forecasts,Consensus,FocusEconomics,01-12-2018,20-11-2018,2.18679553400712
United States,GDPSAAR,"Economic Growth (GDP, saar %)",Quarterly,01-06-2019,Historical forecasts,Consensus,FocusEconomics,01-12-2018,20-11-2018,2.29753068504332
United States,GDPSAAR,"Economic Growth (GDP, saar %)",Quarterly,01-09-2019,Historical forecasts,Consensus,FocusEconomics,01-12-2018,20-11-2018,2.03867140120823
United States,GDPSAAR,"Economic Growth (GDP, saar %)",Quarterly,01-12-2019,Historical forecasts,Consensus,FocusEconomics,01-12-2018,20-11-2018,1.89031911051172
United States,GDPSAAR,"Economic Growth (GDP, saar %)",Quarterly,01-09-2019,Historical forecasts,Consensus,FocusEconomics,01-07-2019,25-06-2019,1.90773712531612
United States,GDPSAAR,"Economic Growth (GDP, saar %)",Quarterly,01-12-2019,Historical forecasts,Consensus,FocusEconomics,01-07-2019,25-06-2019,1.79407029823123
United States,GDPSAAR,"Economic Growth (GDP, saar %)",Quarterly,01-03-2020,Historical forecasts,Consensus,FocusEconomics,01-07-2019,25-06-2019,1.64412873870114
United States,GDPSAAR,"Economic Growth (GDP, saar %)",Quarterly,01-06-2020,Historical forecasts,Consensus,FocusEconomics,01-07-2019,25-06-2019,1.65593534040798
United States,GDPSAAR,"Economic Growth (GDP, saar %)",Quarterly,01-09-2020,Historical forecasts,Consensus,FocusEconomics,01-07-2019,25-06-2019,1.6584186727672
United States,GDPSAAR,"Economic Growth (GDP, saar %)",Quarterly,01-12-2020,Historical forecasts,Consensus,FocusEconomics,01-07-2019,25-06-2019,1.63801853413567
United States,GDPSAAR,"Economic Growth (GDP, saar %)",Quarterly,01-12-2019,Historical forecasts,Consensus,FocusEconomics,01-10-2019,23-09-2019,1.63564103324878
United States,GDPSAAR,"Economic Growth (GDP, saar %)",Quarterly,01-12-2019,Historical forecasts,Consensus,FocusEconomics,01-05-2018,30-04-2018,2.01499839829941
United States,GDPSAAR,"Economic Growth (GDP, saar %)",Quarterly,01-12-2018,Historical forecasts,Consensus,FocusEconomics,01-11-2018,23-10-2018,2.59989327629717
United States,GDPSAAR,"Economic Growth (GDP, saar %)",Quarterly,01-03-2019,Historical forecasts,Consensus,FocusEconomics,01-11-2018,23-10-2018,2.18134590965488
United States,GDPSAAR,"Economic Growth (GDP, saar %)",Quarterly,01-06-2019,Historical forecasts,Consensus,FocusEconomics,01-11-2018,23-10-2018,2.32104151491321
United States,GDPSAAR,"Economic Growth (GDP, saar %)",Quarterly,01-09-2019,Historical forecasts,Consensus,FocusEconomics,01-11-2018,23-10-2018,2.02273330486007
United States,GDPSAAR,"Economic Growth (GDP, saar %)",Quarterly,01-12-2019,Historical forecasts,Consensus,FocusEconomics,01-11-2018,23-10-2018,1.89388464192767
United States,GDPSAAR,"Economic Growth (GDP, saar %)",Quarterly,01-03-2019,Historical forecasts,Consensus,FocusEconomics,01-01-2019,20-12-2018,2.10476023459829
United States,GDPSAAR,"Economic Growth (GDP, saar %)",Quarterly,01-06-2019,Historical forecasts,Consensus,FocusEconomics,01-01-2019,20-12-2018,2.35660832683072
United States,GDPSAAR,"Economic Growth (GDP, saar %)",Quarterly,01-09-2019,Historical forecasts,Consensus,FocusEconomics,01-01-2019,20-12-2018,2.09353987215748
United States,GDPSAAR,"Economic Growth (GDP, saar %)",Quarterly,01-12-2019,Historical forecasts,Consensus,FocusEconomics,01-01-2019,20-12-2018,1.87075097520361
United States,GDPSAAR,"Economic Growth (GDP, saar %)",Quarterly,01-03-2019,Historical forecasts,Consensus,FocusEconomics,01-03-2019,26-02-2019,1.73834601954807
United States,GDPSAAR,"Economic Growth (GDP, saar %)",Quarterly,01-06-2019,Historical forecasts,Consensus,FocusEconomics,01-03-2019,26-02-2019,2.44718060118372
United States,GDPSAAR,"Economic Growth (GDP, saar %)",Quarterly,01-09-2019,Historical forecasts,Consensus,FocusEconomics,01-03-2019,26-02-2019,2.03477699336694
United States,GDPSAAR,"Economic Growth (GDP, saar %)",Quarterly,01-12-2019,Historical forecasts,Consensus,FocusEconomics,01-03-2019,26-02-2019,1.85604612608443
United States,GDPSAAR,"Economic Growth (GDP, saar %)",Quarterly,01-03-2020,Historical forecasts,Consensus,FocusEconomics,01-03-2019,26-02-2019,1.38456435485842
United States,GDPSAAR,"Economic Growth (GDP, saar %)",Quarterly,01-06-2020,Historical forecasts,Consensus,FocusEconomics,01-03-2019,26-02-2019,1.52193226501237
United States,GDPSAAR,"Economic Growth (GDP, saar %)",Quarterly,01-09-2020,Historical forecasts,Consensus,FocusEconomics,01-03-2019,26-02-2019,1.45021433556098
United States,GDPSAAR,"Economic Growth (GDP, saar %)",Quarterly,01-12-2020,Historical forecasts,Consensus,FocusEconomics,01-03-2019,26-02-2019,1.55036841745625
United States,GDPSAAR,"Economic Growth (GDP, saar %)",Quarterly,01-06-2019,Historical forecasts,Consensus,FocusEconomics,01-05-2019,30-04-2019,2.43740182306664
United States,GDPSAAR,"Economic Growth (GDP, saar %)",Quarterly,01-09-2019,Historical forecasts,Consensus,FocusEconomics,01-05-2019,30-04-2019,2.07258850558494
United States,GDPSAAR,"Economic Growth (GDP, saar %)",Quarterly,01-12-2019,Historical forecasts,Consensus,FocusEconomics,01-05-2019,30-04-2019,1.94968598426121
United States,GDPSAAR,"Economic Growth (GDP, saar %)",Quarterly,01-03-2020,Historical forecasts,Consensus,FocusEconomics,01-05-2019,30-04-2019,1.54662745775789
United States,GDPSAAR,"Economic Growth (GDP, saar %)",Quarterly,01-06-2020,Historical forecasts,Consensus,FocusEconomics,01-05-2019,30-04-2019,1.66281274164043
United States,GDPSAAR,"Economic Growth (GDP, saar %)",Quarterly,01-09-2020,Historical forecasts,Consensus,FocusEconomics,01-05-2019,30-04-2019,1.59124428435429
United States,GDPSAAR,"Economic Growth (GDP, saar %)",Quarterly,01-12-2020,Historical forecasts,Consensus,FocusEconomics,01-05-2019,30-04-2019,1.71689865068176
United States,GDPSAAR,"Economic Growth (GDP, saar %)",Quarterly,01-09-2019,Historical forecasts,Consensus,FocusEconomics,01-08-2019,23-07-2019,1.84029065891059
United States,GDPSAAR,"Economic Growth (GDP, saar %)",Quarterly,01-12-2019,Historical forecasts,Consensus,FocusEconomics,01-08-2019,23-07-2019,1.70763323920387
United States,GDPSAAR,"Economic Growth (GDP, saar %)",Quarterly,01-03-2020,Historical forecasts,Consensus,FocusEconomics,01-08-2019,23-07-2019,1.67604520313625
United States,GDPSAAR,"Economic Growth (GDP, saar %)",Quarterly,01-06-2020,Historical forecasts,Consensus,FocusEconomics,01-08-2019,23-07-2019,1.61695414875702
United States,GDPSAAR,"Economic Growth (GDP, saar %)",Quarterly,01-09-2020,Historical forecasts,Consensus,FocusEconomics,01-08-2019,23-07-2019,1.55295547836295
United States,GDPSAAR,"Economic Growth (GDP, saar %)",Quarterly,01-12-2020,Historical forecasts,Consensus,FocusEconomics,01-08-2019,23-07-2019,1.60814980734585
United States,GDPSAAR,"Economic Growth (GDP, saar %)",Quarterly,01-12-2019,Historical forecasts,Consensus,FocusEconomics,01-12-2019,19-11-2019,1.58090450408162
United States,GDPSAAR,"Economic Growth (GDP, saar %)",Quarterly,01-03-2020,Historical forecasts,Consensus,FocusEconomics,01-12-2019,19-11-2019,1.5743955899184
United States,GDPSAAR,"Economic Growth (GDP, saar %)",Quarterly,01-06-2020,Historical forecasts,Consensus,FocusEconomics,01-12-2019,19-11-2019,1.54882255305969
United States,GDPSAAR,"Economic Growth (GDP, saar %)",Quarterly,01-09-2020,Historical forecasts,Consensus,FocusEconomics,01-12-2019,19-11-2019,1.58995185600754
United States,GDPSAAR,"Economic Growth (GDP, saar %)",Quarterly,01-12-2020,Historical forecasts,Consensus,FocusEconomics,01-12-2019,19-11-2019,1.67314863422449
United States,GDPSAAR,"Economic Growth (GDP, saar %)",Quarterly,01-03-2020,Historical forecasts,Consensus,FocusEconomics,01-03-2020,03-03-2020,1.40859487549163
United States,GDPSAAR,"Economic Growth (GDP, saar %)",Quarterly,01-03-2020,Historical forecasts,Consensus,FocusEconomics,01-06-2019,28-05-2019,1.62067505778696
United States,GDPSAAR,"Economic Growth (GDP, saar %)",Quarterly,01-06-2020,Historical forecasts,Consensus,FocusEconomics,01-06-2019,28-05-2019,1.73611455966846
United States,GDPSAAR,"Economic Growth (GDP, saar %)",Quarterly,01-09-2020,Historical forecasts,Consensus,FocusEconomics,01-06-2019,28-05-2019,1.64478954821121
United States,GDPSAAR,"Economic Growth (GDP, saar %)",Quarterly,01-12-2020,Historical forecasts,Consensus,FocusEconomics,01-06-2019,28-05-2019,1.62639692290721
United States,GDPSAAR,"Economic Growth (GDP, saar %)",Quarterly,01-09-2019,Historical forecasts,Consensus,FocusEconomics,01-09-2019,27-08-2019,1.82652416227951
United States,GDPSAAR,"Economic Growth (GDP, saar %)",Quarterly,01-12-2019,Historical forecasts,Consensus,FocusEconomics,01-09-2019,27-08-2019,1.68990816108823
United States,GDPSAAR,"Economic Growth (GDP, saar %)",Quarterly,01-03-2020,Historical forecasts,Consensus,FocusEconomics,01-09-2019,27-08-2019,1.68582212690412
United States,GDPSAAR,"Economic Growth (GDP, saar %)",Quarterly,01-06-2020,Historical forecasts,Consensus,FocusEconomics,01-09-2019,27-08-2019,1.65525689420788
United States,GDPSAAR,"Economic Growth (GDP, saar %)",Quarterly,01-09-2020,Historical forecasts,Consensus,FocusEconomics,01-09-2019,27-08-2019,1.62304574900993
United States,GDPSAAR,"Economic Growth (GDP, saar %)",Quarterly,01-12-2020,Historical forecasts,Consensus,FocusEconomics,01-09-2019,27-08-2019,1.65066685758393
United States,GDPSAAR,"Economic Growth (GDP, saar %)",Quarterly,01-12-2019,Historical forecasts,Consensus,FocusEconomics,01-11-2019,22-10-2019,1.63082844269674
United States,GDPSAAR,"Economic Growth (GDP, saar %)",Quarterly,01-03-2020,Historical forecasts,Consensus,FocusEconomics,01-11-2019,22-10-2019,1.45240648917409
United States,GDPSAAR,"Economic Growth (GDP, saar %)",Quarterly,01-06-2020,Historical forecasts,Consensus,FocusEconomics,01-11-2019,22-10-2019,1.48985587439875
United States,GDPSAAR,"Economic Growth (GDP, saar %)",Quarterly,01-09-2020,Historical forecasts,Consensus,FocusEconomics,01-11-2019,22-10-2019,1.62422473742644
United States,GDPSAAR,"Economic Growth (GDP, saar %)",Quarterly,01-12-2020,Historical forecasts,Consensus,FocusEconomics,01-11-2019,22-10-2019,1.64234161839734
United States,GDPSAAR,"Economic Growth (GDP, saar %)",Quarterly,01-06-2020,Historical forecasts,Consensus,FocusEconomics,01-04-2020,31-03-2020,-16.6644481633083
United States,GDPSAAR,"Economic Growth (GDP, saar %)",Quarterly,01-09-2020,Historical forecasts,Consensus,FocusEconomics,01-04-2020,31-03-2020,8.62424723726964
United States,GDPSAAR,"Economic Growth (GDP, saar %)",Quarterly,01-12-2020,Historical forecasts,Consensus,FocusEconomics,01-04-2020,31-03-2020,6.10560291663615
United States,GDPSAAR,"Economic Growth (GDP, saar %)",Quarterly,01-03-2021,Historical forecasts,Consensus,FocusEconomics,01-04-2020,31-03-2020,4.54032445842512
United States,GDPSAAR,"Economic Growth (GDP, saar %)",Quarterly,01-06-2021,Historical forecasts,Consensus,FocusEconomics,01-04-2020,31-03-2020,3.84906806630959
United States,GDPSAAR,"Economic Growth (GDP, saar %)",Quarterly,01-09-2021,Historical forecasts,Consensus,FocusEconomics,01-04-2020,31-03-2020,3.44046304644716
United States,GDPSAAR,"Economic Growth (GDP, saar %)",Quarterly,01-12-2021,Historical forecasts,Consensus,FocusEconomics,01-04-2020,31-03-2020,2.8598303929343
United States,GDPSAAR,"Economic Growth (GDP, saar %)",Quarterly,01-06-2020,Historical forecasts,Consensus,FocusEconomics,01-06-2020,02-06-2020,-37.0158175866271
United States,GDPSAAR,"Economic Growth (GDP, saar %)",Quarterly,01-09-2020,Historical forecasts,Consensus,FocusEconomics,01-06-2020,02-06-2020,23.7395232073757
United States,GDPSAAR,"Economic Growth (GDP, saar %)",Quarterly,01-12-2020,Historical forecasts,Consensus,FocusEconomics,01-06-2020,02-06-2020,12.1647136840813
United States,GDPSAAR,"Economic Growth (GDP, saar %)",Quarterly,01-03-2021,Historical forecasts,Consensus,FocusEconomics,01-06-2020,02-06-2020,6.98723625251924
United States,GDPSAAR,"Economic Growth (GDP, saar %)",Quarterly,01-06-2021,Historical forecasts,Consensus,FocusEconomics,01-06-2020,02-06-2020,5.30592555620158
United States,GDPSAAR,"Economic Growth (GDP, saar %)",Quarterly,01-09-2021,Historical forecasts,Consensus,FocusEconomics,01-06-2020,02-06-2020,4.09819747559777
United States,GDPSAAR,"Economic Growth (GDP, saar %)",Quarterly,01-12-2021,Historical forecasts,Consensus,FocusEconomics,01-06-2020,02-06-2020,3.24495143372468
United States,GDPSAAR,"Economic Growth (GDP, saar %)",Quarterly,01-09-2020,Historical forecasts,Consensus,FocusEconomics,01-09-2020,01-09-2020,20.4197488418138
United States,GDPSAAR,"Economic Growth (GDP, saar %)",Quarterly,01-12-2020,Historical forecasts,Consensus,FocusEconomics,01-09-2020,01-09-2020,7.72501926350826
United States,GDPSAAR,"Economic Growth (GDP, saar %)",Quarterly,01-03-2021,Historical forecasts,Consensus,FocusEconomics,01-09-2020,01-09-2020,5.29525290307106
United States,GDPSAAR,"Economic Growth (GDP, saar %)",Quarterly,01-06-2021,Historical forecasts,Consensus,FocusEconomics,01-09-2020,01-09-2020,4.38297901938126
United States,GDPSAAR,"Economic Growth (GDP, saar %)",Quarterly,01-09-2021,Historical forecasts,Consensus,FocusEconomics,01-09-2020,01-09-2020,4.05894533999822
United States,GDPSAAR,"Economic Growth (GDP, saar %)",Quarterly,01-12-2021,Historical forecasts,Consensus,FocusEconomics,01-09-2020,01-09-2020,3.57169881789305
United States,GDPSAAR,"Economic Growth (GDP, saar %)",Quarterly,01-12-2020,Historical forecasts,Consensus,FocusEconomics,01-12-2020,24-11-2020,3.17304658537181
United States,GDPSAAR,"Economic Growth (GDP, saar %)",Quarterly,01-03-2021,Historical forecasts,Consensus,FocusEconomics,01-12-2020,24-11-2020,2.53503137026355
United States,GDPSAAR,"Economic Growth (GDP, saar %)",Quarterly,01-06-2020,Historical forecasts,Consensus,FocusEconomics,01-03-2020,03-03-2020,1.67324361677568
United States,GDPSAAR,"Economic Growth (GDP, saar %)",Quarterly,01-09-2020,Historical forecasts,Consensus,FocusEconomics,01-03-2020,03-03-2020,1.78359192087155
United States,GDPSAAR,"Economic Growth (GDP, saar %)",Quarterly,01-12-2020,Historical forecasts,Consensus,FocusEconomics,01-03-2020,03-03-2020,1.81587520481869
United States,GDPSAAR,"Economic Growth (GDP, saar %)",Quarterly,01-03-2021,Historical forecasts,Consensus,FocusEconomics,01-03-2020,03-03-2020,1.72385193043755
United States,GDPSAAR,"Economic Growth (GDP, saar %)",Quarterly,01-06-2021,Historical forecasts,Consensus,FocusEconomics,01-03-2020,03-03-2020,1.7227910347369
United States,GDPSAAR,"Economic Growth (GDP, saar %)",Quarterly,01-09-2021,Historical forecasts,Consensus,FocusEconomics,01-03-2020,03-03-2020,1.75678829576924
United States,GDPSAAR,"Economic Growth (GDP, saar %)",Quarterly,01-12-2021,Historical forecasts,Consensus,FocusEconomics,01-03-2020,03-03-2020,1.95478534114047
United States,GDPSAAR,"Economic Growth (GDP, saar %)",Quarterly,01-06-2020,Historical forecasts,Consensus,FocusEconomics,01-05-2020,05-05-2020,-34.1760779116395
United States,GDPSAAR,"Economic Growth (GDP, saar %)",Quarterly,01-09-2020,Historical forecasts,Consensus,FocusEconomics,01-05-2020,05-05-2020,21.7816704404909
United States,GDPSAAR,"Economic Growth (GDP, saar %)",Quarterly,01-12-2020,Historical forecasts,Consensus,FocusEconomics,01-05-2020,05-05-2020,12.9534898375214
United States,GDPSAAR,"Economic Growth (GDP, saar %)",Quarterly,01-03-2021,Historical forecasts,Consensus,FocusEconomics,01-05-2020,05-05-2020,7.94112419198528
United States,GDPSAAR,"Economic Growth (GDP, saar %)",Quarterly,01-06-2021,Historical forecasts,Consensus,FocusEconomics,01-05-2020,05-05-2020,5.85721074851815
United States,GDPSAAR,"Economic Growth (GDP, saar %)",Quarterly,01-09-2021,Historical forecasts,Consensus,FocusEconomics,01-05-2020,05-05-2020,4.53520223918339
United States,GDPSAAR,"Economic Growth (GDP, saar %)",Quarterly,01-12-2021,Historical forecasts,Consensus,FocusEconomics,01-05-2020,05-05-2020,3.47453018230165
United States,GDPSAAR,"Economic Growth (GDP, saar %)",Quarterly,01-09-2020,Historical forecasts,Consensus,FocusEconomics,01-08-2020,28-07-2020,19.5911109708466
United States,GDPSAAR,"Economic Growth (GDP, saar %)",Quarterly,01-12-2020,Historical forecasts,Consensus,FocusEconomics,01-08-2020,28-07-2020,8.12482397186441
United States,GDPSAAR,"Economic Growth (GDP, saar %)",Quarterly,01-03-2021,Historical forecasts,Consensus,FocusEconomics,01-08-2020,28-07-2020,6.20596621334657
United States,GDPSAAR,"Economic Growth (GDP, saar %)",Quarterly,01-06-2021,Historical forecasts,Consensus,FocusEconomics,01-08-2020,28-07-2020,4.61846819888484
United States,GDPSAAR,"Economic Growth (GDP, saar %)",Quarterly,01-09-2021,Historical forecasts,Consensus,FocusEconomics,01-08-2020,28-07-2020,4.18438960011824
United States,GDPSAAR,"Economic Growth (GDP, saar %)",Quarterly,01-12-2021,Historical forecasts,Consensus,FocusEconomics,01-08-2020,28-07-2020,3.51533524961608
United States,GDPSAAR,"Economic Growth (GDP, saar %)",Quarterly,01-12-2020,Historical forecasts,Consensus,FocusEconomics,01-11-2020,27-10-2020,3.82128854651155
United States,GDPSAAR,"Economic Growth (GDP, saar %)",Quarterly,01-03-2021,Historical forecasts,Consensus,FocusEconomics,01-11-2020,27-10-2020,3.74681821139258
United States,GDPSAAR,"Economic Growth (GDP, saar %)",Quarterly,01-06-2021,Historical forecasts,Consensus,FocusEconomics,01-11-2020,27-10-2020,3.84945793410619
United States,GDPSAAR,"Economic Growth (GDP, saar %)",Quarterly,01-09-2021,Historical forecasts,Consensus,FocusEconomics,01-11-2020,27-10-2020,3.71923290573523
United States,GDPSAAR,"Economic Growth (GDP, saar %)",Quarterly,01-12-2021,Historical forecasts,Consensus,FocusEconomics,01-11-2020,27-10-2020,3.46228260868086
United States,GDPSAAR,"Economic Growth (GDP, saar %)",Quarterly,01-03-2021,Historical forecasts,Consensus,FocusEconomics,01-01-2021,22-12-2020,1.61516329254532
United States,GDPSAAR,"Economic Growth (GDP, saar %)",Quarterly,01-06-2021,Historical forecasts,Consensus,FocusEconomics,01-01-2021,22-12-2020,4.2875554448052
United States,GDPSAAR,"Economic Growth (GDP, saar %)",Quarterly,01-09-2021,Historical forecasts,Consensus,FocusEconomics,01-01-2021,22-12-2020,4.59991099398149
United States,GDPSAAR,"Economic Growth (GDP, saar %)",Quarterly,01-12-2021,Historical forecasts,Consensus,FocusEconomics,01-01-2021,22-12-2020,3.73737807249577
United States,GDPSAAR,"Economic Growth (GDP, saar %)",Quarterly,01-03-2021,Historical forecasts,Consensus,FocusEconomics,01-02-2021,02-02-2021,1.99100691639301
United States,GDPSAAR,"Economic Growth (GDP, saar %)",Quarterly,01-06-2021,Historical forecasts,Consensus,FocusEconomics,01-02-2021,02-02-2021,5.82927069730207
United States,GDPSAAR,"Economic Growth (GDP, saar %)",Quarterly,01-09-2021,Historical forecasts,Consensus,FocusEconomics,01-02-2021,02-02-2021,5.60782113641474
United States,GDPSAAR,"Economic Growth (GDP, saar %)",Quarterly,01-12-2021,Historical forecasts,Consensus,FocusEconomics,01-02-2021,02-02-2021,4.15121153736181
United States,GDPSAAR,"Economic Growth (GDP, saar %)",Quarterly,01-06-2021,Historical forecasts,Consensus,FocusEconomics,01-04-2021,30-03-2021,8.31351587310415
United States,GDPSAAR,"Economic Growth (GDP, saar %)",Quarterly,01-09-2021,Historical forecasts,Consensus,FocusEconomics,01-04-2021,30-03-2021,6.94257320928829
United States,GDPSAAR,"Economic Growth (GDP, saar %)",Quarterly,01-12-2021,Historical forecasts,Consensus,FocusEconomics,01-04-2021,30-03-2021,4.98697551545359
United States,GDPSAAR,"Economic Growth (GDP, saar %)",Quarterly,01-03-2022,Historical forecasts,Consensus,FocusEconomics,01-04-2021,30-03-2021,3.32256043750263
United States,GDPSAAR,"Economic Growth (GDP, saar %)",Quarterly,01-03-2020,Historical forecasts,Consensus,FocusEconomics,01-10-2019,23-09-2019,1.4962736843807
United States,GDPSAAR,"Economic Growth (GDP, saar %)",Quarterly,01-06-2020,Historical forecasts,Consensus,FocusEconomics,01-10-2019,23-09-2019,1.53158072440737
United States,GDPSAAR,"Economic Growth (GDP, saar %)",Quarterly,01-09-2020,Historical forecasts,Consensus,FocusEconomics,01-10-2019,23-09-2019,1.66056659052704
United States,GDPSAAR,"Economic Growth (GDP, saar %)",Quarterly,01-12-2020,Historical forecasts,Consensus,FocusEconomics,01-10-2019,23-09-2019,1.65901611071908
United States,GDPSAAR,"Economic Growth (GDP, saar %)",Quarterly,01-03-2020,Historical forecasts,Consensus,FocusEconomics,01-02-2020,04-02-2020,1.5044467503782
United States,GDPSAAR,"Economic Growth (GDP, saar %)",Quarterly,01-06-2020,Historical forecasts,Consensus,FocusEconomics,01-02-2020,04-02-2020,1.73035636397052
United States,GDPSAAR,"Economic Growth (GDP, saar %)",Quarterly,01-09-2020,Historical forecasts,Consensus,FocusEconomics,01-02-2020,04-02-2020,1.76309549346363
United States,GDPSAAR,"Economic Growth (GDP, saar %)",Quarterly,01-12-2020,Historical forecasts,Consensus,FocusEconomics,01-02-2020,04-02-2020,1.79642223076088
United States,GDPSAAR,"Economic Growth (GDP, saar %)",Quarterly,01-09-2020,Historical forecasts,Consensus,FocusEconomics,01-07-2020,30-06-2020,22.3405427435031
United States,GDPSAAR,"Economic Growth (GDP, saar %)",Quarterly,01-12-2020,Historical forecasts,Consensus,FocusEconomics,01-07-2020,30-06-2020,9.78315490128599
United States,GDPSAAR,"Economic Growth (GDP, saar %)",Quarterly,01-03-2021,Historical forecasts,Consensus,FocusEconomics,01-07-2020,30-06-2020,6.76582399084656
United States,GDPSAAR,"Economic Growth (GDP, saar %)",Quarterly,01-06-2021,Historical forecasts,Consensus,FocusEconomics,01-07-2020,30-06-2020,5.02985767880267
United States,GDPSAAR,"Economic Growth (GDP, saar %)",Quarterly,01-09-2021,Historical forecasts,Consensus,FocusEconomics,01-07-2020,30-06-2020,4.54544774199089
United States,GDPSAAR,"Economic Growth (GDP, saar %)",Quarterly,01-12-2021,Historical forecasts,Consensus,FocusEconomics,01-07-2020,30-06-2020,3.43593380920319
United States,GDPSAAR,"Economic Growth (GDP, saar %)",Quarterly,01-12-2020,Historical forecasts,Consensus,FocusEconomics,01-10-2020,29-09-2020,4.87496805293836
United States,GDPSAAR,"Economic Growth (GDP, saar %)",Quarterly,01-03-2021,Historical forecasts,Consensus,FocusEconomics,01-10-2020,29-09-2020,4.13364335224989
United States,GDPSAAR,"Economic Growth (GDP, saar %)",Quarterly,01-06-2021,Historical forecasts,Consensus,FocusEconomics,01-10-2020,29-09-2020,4.0908025763977
United States,GDPSAAR,"Economic Growth (GDP, saar %)",Quarterly,01-09-2021,Historical forecasts,Consensus,FocusEconomics,01-10-2020,29-09-2020,3.92052669067413
United States,GDPSAAR,"Economic Growth (GDP, saar %)",Quarterly,01-12-2021,Historical forecasts,Consensus,FocusEconomics,01-10-2020,29-09-2020,3.59833576524212
United States,GDPSAAR,"Economic Growth (GDP, saar %)",Quarterly,01-06-2021,Historical forecasts,Consensus,FocusEconomics,01-05-2021,04-05-2021,8.74172826026824
United States,GDPSAAR,"Economic Growth (GDP, saar %)",Quarterly,01-09-2021,Historical forecasts,Consensus,FocusEconomics,01-05-2021,04-05-2021,7.31689087258116
United States,GDPSAAR,"Economic Growth (GDP, saar %)",Quarterly,01-12-2021,Historical forecasts,Consensus,FocusEconomics,01-05-2021,04-05-2021,5.16466883722588
United States,GDPSAAR,"Economic Growth (GDP, saar %)",Quarterly,01-03-2022,Historical forecasts,Consensus,FocusEconomics,01-05-2021,04-05-2021,3.28652060360079
United States,GDPSAAR,"Economic Growth (GDP, saar %)",Quarterly,01-06-2022,Historical forecasts,Consensus,FocusEconomics,01-05-2021,04-05-2021,2.74885305668987
United States,GDPSAAR,"Economic Growth (GDP, saar %)",Quarterly,01-09-2022,Historical forecasts,Consensus,FocusEconomics,01-05-2021,04-05-2021,2.20925769423876
United States,GDPSAAR,"Economic Growth (GDP, saar %)",Quarterly,01-12-2022,Historical forecasts,Consensus,FocusEconomics,01-05-2021,04-05-2021,1.90612368978518
United States,GDPSAAR,"Economic Growth (GDP, saar %)",Quarterly,01-09-2021,Historical forecasts,Consensus,FocusEconomics,01-07-2021,29-06-2021,7.14551770812509
United States,GDPSAAR,"Economic Growth (GDP, saar %)",Quarterly,01-12-2021,Historical forecasts,Consensus,FocusEconomics,01-07-2021,29-06-2021,5.0307508011562
United States,GDPSAAR,"Economic Growth (GDP, saar %)",Quarterly,01-03-2022,Historical forecasts,Consensus,FocusEconomics,01-07-2021,29-06-2021,3.24689481406273
United States,GDPSAAR,"Economic Growth (GDP, saar %)",Quarterly,01-06-2022,Historical forecasts,Consensus,FocusEconomics,01-07-2021,29-06-2021,2.87801754299105
United States,GDPSAAR,"Economic Growth (GDP, saar %)",Quarterly,01-09-2022,Historical forecasts,Consensus,FocusEconomics,01-07-2021,29-06-2021,2.32127570435107
United States,GDPSAAR,"Economic Growth (GDP, saar %)",Quarterly,01-12-2022,Historical forecasts,Consensus,FocusEconomics,01-07-2021,29-06-2021,2.05657311148655
United States,GDPSAAR,"Economic Growth (GDP, saar %)",Quarterly,01-09-2021,Historical forecasts,Consensus,FocusEconomics,01-09-2021,31-08-2021,6.82861618981068
United States,GDPSAAR,"Economic Growth (GDP, saar %)",Quarterly,01-12-2021,Historical forecasts,Consensus,FocusEconomics,01-09-2021,31-08-2021,5.34195003691093
United States,GDPSAAR,"Economic Growth (GDP, saar %)",Quarterly,01-03-2022,Historical forecasts,Consensus,FocusEconomics,01-09-2021,31-08-2021,3.52607731726467
United States,GDPSAAR,"Economic Growth (GDP, saar %)",Quarterly,01-06-2022,Historical forecasts,Consensus,FocusEconomics,01-09-2021,31-08-2021,3.04704555291101
United States,GDPSAAR,"Economic Growth (GDP, saar %)",Quarterly,01-09-2022,Historical forecasts,Consensus,FocusEconomics,01-09-2021,31-08-2021,2.484581376019
United States,GDPSAAR,"Economic Growth (GDP, saar %)",Quarterly,01-06-2022,Historical forecasts,Consensus,FocusEconomics,01-04-2021,30-03-2021,2.8113530721237
United States,GDPSAAR,"Economic Growth (GDP, saar %)",Quarterly,01-09-2022,Historical forecasts,Consensus,FocusEconomics,01-04-2021,30-03-2021,2.22872278883592
United States,GDPSAAR,"Economic Growth (GDP, saar %)",Quarterly,01-12-2022,Historical forecasts,Consensus,FocusEconomics,01-04-2021,30-03-2021,1.96937952413689
United States,GDPSAAR,"Economic Growth (GDP, saar %)",Quarterly,01-09-2021,Historical forecasts,Consensus,FocusEconomics,01-08-2021,27-07-2021,7.08827097457294
United States,GDPSAAR,"Economic Growth (GDP, saar %)",Quarterly,01-12-2021,Historical forecasts,Consensus,FocusEconomics,01-08-2021,27-07-2021,5.07362006794075
United States,GDPSAAR,"Economic Growth (GDP, saar %)",Quarterly,01-03-2022,Historical forecasts,Consensus,FocusEconomics,01-08-2021,27-07-2021,3.36090232428837
United States,GDPSAAR,"Economic Growth (GDP, saar %)",Quarterly,01-06-2022,Historical forecasts,Consensus,FocusEconomics,01-08-2021,27-07-2021,3.01053557848899
United States,GDPSAAR,"Economic Growth (GDP, saar %)",Quarterly,01-09-2022,Historical forecasts,Consensus,FocusEconomics,01-08-2021,27-07-2021,2.40461373047696
United States,GDPSAAR,"Economic Growth (GDP, saar %)",Quarterly,01-12-2022,Historical forecasts,Consensus,FocusEconomics,01-08-2021,27-07-2021,2.1375410016074
United States,GDPSAAR,"Economic Growth (GDP, saar %)",Quarterly,01-12-2021,Historical forecasts,Consensus,FocusEconomics,01-10-2021,28-09-2021,5.3543557082938
United States,GDPSAAR,"Economic Growth (GDP, saar %)",Quarterly,01-03-2022,Historical forecasts,Consensus,FocusEconomics,01-10-2021,28-09-2021,3.90981358821148
United States,GDPSAAR,"Economic Growth (GDP, saar %)",Quarterly,01-06-2022,Historical forecasts,Consensus,FocusEconomics,01-10-2021,28-09-2021,3.40023677953966
United States,GDPSAAR,"Economic Growth (GDP, saar %)",Quarterly,01-09-2022,Historical forecasts,Consensus,FocusEconomics,01-10-2021,28-09-2021,2.73104725906025
United States,GDPSAAR,"Economic Growth (GDP, saar %)",Quarterly,01-12-2022,Historical forecasts,Consensus,FocusEconomics,01-10-2021,28-09-2021,2.29789589336905
United States,GDPSAAR,"Economic Growth (GDP, saar %)",Quarterly,01-12-2021,Historical forecasts,Consensus,FocusEconomics,01-11-2021,26-10-2021,5.15186949215908
United States,GDPSAAR,"Economic Growth (GDP, saar %)",Quarterly,01-03-2022,Historical forecasts,Consensus,FocusEconomics,01-11-2021,26-10-2021,4.11877918479914
United States,GDPSAAR,"Economic Growth (GDP, saar %)",Quarterly,01-06-2022,Historical forecasts,Consensus,FocusEconomics,01-11-2021,26-10-2021,3.60404847168899
United States,GDPSAAR,"Economic Growth (GDP, saar %)",Quarterly,01-09-2022,Historical forecasts,Consensus,FocusEconomics,01-11-2021,26-10-2021,2.81974188204421
United States,GDPSAAR,"Economic Growth (GDP, saar %)",Quarterly,01-12-2022,Historical forecasts,Consensus,FocusEconomics,01-11-2021,26-10-2021,2.32348153225715
United States,GDPSAAR,"Economic Growth (GDP, saar %)",Quarterly,01-12-2022,Historical forecasts,Consensus,FocusEconomics,01-09-2021,31-08-2021,2.16720989702747
United States,GDPSAAR,"Economic Growth (GDP, saar %)",Quarterly,01-06-2021,Historical forecasts,Consensus,FocusEconomics,01-12-2020,24-11-2020,4.0081841480185
United States,GDPSAAR,"Economic Growth (GDP, saar %)",Quarterly,01-09-2021,Historical forecasts,Consensus,FocusEconomics,01-12-2020,24-11-2020,3.89106910780104
United States,GDPSAAR,"Economic Growth (GDP, saar %)",Quarterly,01-12-2021,Historical forecasts,Consensus,FocusEconomics,01-12-2020,24-11-2020,3.48291173348922
United States,GDPSAAR,"Economic Growth (GDP, saar %)",Quarterly,01-03-2021,Historical forecasts,Consensus,FocusEconomics,01-03-2021,02-03-2021,3.35338592474264
United States,GDPSAAR,"Economic Growth (GDP, saar %)",Quarterly,01-06-2021,Historical forecasts,Consensus,FocusEconomics,01-03-2021,02-03-2021,6.47419591153992
United States,GDPSAAR,"Economic Growth (GDP, saar %)",Quarterly,01-09-2021,Historical forecasts,Consensus,FocusEconomics,01-03-2021,02-03-2021,6.73522351229883
United States,GDPSAAR,"Economic Growth (GDP, saar %)",Quarterly,01-12-2021,Historical forecasts,Consensus,FocusEconomics,01-03-2021,02-03-2021,4.75851982247662
United States,GDPSAAR,"Economic Growth (GDP, saar %)",Quarterly,01-03-2022,Historical forecasts,Consensus,FocusEconomics,01-03-2021,02-03-2021,3.22929131865646
United States,GDPSAAR,"Economic Growth (GDP, saar %)",Quarterly,01-06-2022,Historical forecasts,Consensus,FocusEconomics,01-03-2021,02-03-2021,2.52994500139221
United States,GDPSAAR,"Economic Growth (GDP, saar %)",Quarterly,01-09-2022,Historical forecasts,Consensus,FocusEconomics,01-03-2021,02-03-2021,2.11510891830217
United States,GDPSAAR,"Economic Growth (GDP, saar %)",Quarterly,01-12-2022,Historical forecasts,Consensus,FocusEconomics,01-03-2021,02-03-2021,1.95073096986931
United States,GDPSAAR,"Economic Growth (GDP, saar %)",Quarterly,01-06-2021,Historical forecasts,Consensus,FocusEconomics,01-06-2021,01-06-2021,9.28958542769531
United States,GDPSAAR,"Economic Growth (GDP, saar %)",Quarterly,01-09-2021,Historical forecasts,Consensus,FocusEconomics,01-06-2021,01-06-2021,7.09913837811831
United States,GDPSAAR,"Economic Growth (GDP, saar %)",Quarterly,01-12-2021,Historical forecasts,Consensus,FocusEconomics,01-06-2021,01-06-2021,5.08155317456527
United States,GDPSAAR,"Economic Growth (GDP, saar %)",Quarterly,01-03-2022,Historical forecasts,Consensus,FocusEconomics,01-06-2021,01-06-2021,3.3252136433405
United States,GDPSAAR,"Economic Growth (GDP, saar %)",Quarterly,01-06-2022,Historical forecasts,Consensus,FocusEconomics,01-06-2021,01-06-2021,2.90330264944099
United States,GDPSAAR,"Economic Growth (GDP, saar %)",Quarterly,01-09-2022,Historical forecasts,Consensus,FocusEconomics,01-06-2021,01-06-2021,2.35657005729702
United States,GDPSAAR,"Economic Growth (GDP, saar %)",Quarterly,01-12-2022,Historical forecasts,Consensus,FocusEconomics,01-06-2021,01-06-2021,2.06480144266166
United States,GDPSAAR,"Economic Growth (GDP, saar %)",Quarterly,01-12-2021,Current forecasts,Consensus,FocusEconomics,01-12-2021,23-11-2021,4.88266646330305
United States,GDPSAAR,"Economic Growth (GDP, saar %)",Quarterly,01-03-2022,Current forecasts,Consensus,FocusEconomics,01-12-2021,23-11-2021,3.9780608920445
United States,GDPSAAR,"Economic Growth (GDP, saar %)",Quarterly,01-06-2022,Current forecasts,Consensus,FocusEconomics,01-12-2021,23-11-2021,3.57368481601018
United States,GDPSAAR,"Economic Growth (GDP, saar %)",Quarterly,01-09-2022,Current forecasts,Consensus,FocusEconomics,01-12-2021,23-11-2021,2.99491949693717
United States,GDPSAAR,"Economic Growth (GDP, saar %)",Quarterly,01-12-2022,Current forecasts,Consensus,FocusEconomics,01-12-2021,23-11-2021,2.44666889242782
United States,GDPSAAR,"Economic Growth (GDP, saar %)",Quarterly,01-09-2019,Historical forecasts,Consensus,FocusEconomics,01-07-2018,26-06-2018,2.22512127286184
United States,GDPSAAR,"Economic Growth (GDP, saar %)",Quarterly,01-12-2019,Historical forecasts,Consensus,FocusEconomics,01-07-2018,26-06-2018,2.06118736896566
United States,GDPSAAR,"Economic Growth (GDP, saar %)",Quarterly,01-09-2018,Historical forecasts,Consensus,FocusEconomics,01-09-2018,28-08-2018,2.95467765206823
United States,GDPSAAR,"Economic Growth (GDP, saar %)",Quarterly,01-12-2018,Historical forecasts,Consensus,FocusEconomics,01-09-2018,28-08-2018,2.60153399589858
United States,GDPSAAR,"Economic Growth (GDP, saar %)",Quarterly,01-03-2019,Historical forecasts,Consensus,FocusEconomics,01-09-2018,28-08-2018,2.18927670268936
United States,GDPSAAR,"Economic Growth (GDP, saar %)",Quarterly,01-06-2019,Historical forecasts,Consensus,FocusEconomics,01-09-2018,28-08-2018,2.39017983338061
United States,GDPSAAR,"Economic Growth (GDP, saar %)",Quarterly,01-09-2019,Historical forecasts,Consensus,FocusEconomics,01-09-2018,28-08-2018,2.12108242742183
United States,GDPSAAR,"Economic Growth (GDP, saar %)",Quarterly,01-12-2019,Historical forecasts,Consensus,FocusEconomics,01-09-2018,28-08-2018,1.91041570771731
United States,GDPSAAR,"Economic Growth (GDP, saar %)",Quarterly,01-03-2020,Historical forecasts,Consensus,FocusEconomics,01-01-2020,20-12-2019,1.63483181454211
United States,GDPSAAR,"Economic Growth (GDP, saar %)",Quarterly,01-06-2020,Historical forecasts,Consensus,FocusEconomics,01-01-2020,20-12-2019,1.60759523062663
United States,GDPSAAR,"Economic Growth (GDP, saar %)",Quarterly,01-09-2020,Historical forecasts,Consensus,FocusEconomics,01-01-2020,20-12-2019,1.61271659750887
United States,GDPSAAR,"Economic Growth (GDP, saar %)",Quarterly,01-12-2020,Historical forecasts,Consensus,FocusEconomics,01-01-2020,20-12-2019,1.71378447084205
